oligo_name,mseq
ENST00000357654.9.ENSG00000012048.23_chr17:43124017_C>A_snv_rc,GTTGTCATTTTATAAACCTTTTAAAAAGATATATATATATGTTTTTCTAATGTGTTAAAGTTCACTGGAACAGAAAGAAATGGATTTATCTGCTCTTCGCGTTGAAGAAGTACAAAATGTCATTAATGCTATGCAGAAAATCTTAGAGTGTCCGATCTTGTAAGTCAGCACAAGAGTGTATTAATTTGGGATTCCTATGATTATCTCCTATGCAAATGAACAGAATTGACCTTAC
ENST00000357654.9.ENSG00000012048.23_chr17:43124017_C>G_snv_rc,GTTGTCATTTTATAAACCTTTTAAAAAGATATATATATATGTTTTTCTAATGTGTTAAAGTTCACTGGAACAGAAAGAAATGGATTTATCTGCTCTTCGCGTTGAAGAAGTACAAAATGTCATTAATGCTATGCAGAAAATCTTAGAGTGTCCGATCTCGTAAGTCAGCACAAGAGTGTATTAATTTGGGATTCCTATGATTATCTCCTATGCAAATGAACAGAATTGACCTTAC
ENST00000357654.9.ENSG00000012048.23_chr17:43124017_C>T_snv_rc,GTTGTCATTTTATAAACCTTTTAAAAAGATATATATATATGTTTTTCTAATGTGTTAAAGTTCACTGGAACAGAAAGAAATGGATTTATCTGCTCTTCGCGTTGAAGAAGTACAAAATGTCATTAATGCTATGCAGAAAATCTTAGAGTGTCCGATCTAGTAAGTCAGCACAAGAGTGTATTAATTTGGGATTCCTATGATTATCTCCTATGCAAATGAACAGAATTGACCTTAC
ENST00000357654.9.ENSG00000012048.23_chr17:43124018_A>C_snv_rc,GTTGTCATTTTATAAACCTTTTAAAAAGATATATATATATGTTTTTCTAATGTGTTAAAGTTCACTGGAACAGAAAGAAATGGATTTATCTGCTCTTCGCGTTGAAGAAGTACAAAATGTCATTAATGCTATGCAGAAAATCTTAGAGTGTCCGATCGGGTAAGTCAGCACAAGAGTGTATTAATTTGGGATTCCTATGATTATCTCCTATGCAAATGAACAGAATTGACCTTAC
ENST00000357654.9.ENSG00000012048.23_chr17:43124018_A>G_snv_rc,GTTGTCATTTTATAAACCTTTTAAAAAGATATATATATATGTTTTTCTAATGTGTTAAAGTTCACTGGAACAGAAAGAAATGGATTTATCTGCTCTTCGCGTTGAAGAAGTACAAAATGTCATTAATGCTATGCAGAAAATCTTAGAGTGTCCGATCCGGTAAGTCAGCACAAGAGTGTATTAATTTGGGATTCCTATGATTATCTCCTATGCAAATGAACAGAATTGACCTTAC
ENST00000357654.9.ENSG00000012048.23_chr17:43124018_A>T_snv_rc,GTTGTCATTTTATAAACCTTTTAAAAAGATATATATATATGTTTTTCTAATGTGTTAAAGTTCACTGGAACAGAAAGAAATGGATTTATCTGCTCTTCGCGTTGAAGAAGTACAAAATGTCATTAATGCTATGCAGAAAATCTTAGAGTGTCCGATCAGGTAAGTCAGCACAAGAGTGTATTAATTTGGGATTCCTATGATTATCTCCTATGCAAATGAACAGAATTGACCTTAC
ENST00000357654.9.ENSG00000012048.23_chr17:43124019_G>A_snv_rc,GTTGTCATTTTATAAACCTTTTAAAAAGATATATATATATGTTTTTCTAATGTGTTAAAGTTCACTGGAACAGAAAGAAATGGATTTATCTGCTCTTCGCGTTGAAGAAGTACAAAATGTCATTAATGCTATGCAGAAAATCTTAGAGTGTCCGATTTGGTAAGTCAGCACAAGAGTGTATTAATTTGGGATTCCTATGATTATCTCCTATGCAAATGAACAGAATTGACCTTAC
ENST00000357654.9.ENSG00000012048.23_chr17:43124019_G>C_snv_rc,GTTGTCATTTTATAAACCTTTTAAAAAGATATATATATATGTTTTTCTAATGTGTTAAAGTTCACTGGAACAGAAAGAAATGGATTTATCTGCTCTTCGCGTTGAAGAAGTACAAAATGTCATTAATGCTATGCAGAAAATCTTAGAGTGTCCGATGTGGTAAGTCAGCACAAGAGTGTATTAATTTGGGATTCCTATGATTATCTCCTATGCAAATGAACAGAATTGACCTTAC
ENST00000357654.9.ENSG00000012048.23_chr17:43124019_G>T_snv_rc,GTTGTCATTTTATAAACCTTTTAAAAAGATATATATATATGTTTTTCTAATGTGTTAAAGTTCACTGGAACAGAAAGAAATGGATTTATCTGCTCTTCGCGTTGAAGAAGTACAAAATGTCATTAATGCTATGCAGAAAATCTTAGAGTGTCCGATATGGTAAGTCAGCACAAGAGTGTATTAATTTGGGATTCCTATGATTATCTCCTATGCAAATGAACAGAATTGACCTTAC
ENST00000357654.9.ENSG00000012048.23_chr17:43124020_A>C_snv_rc,GTTGTCATTTTATAAACCTTTTAAAAAGATATATATATATGTTTTTCTAATGTGTTAAAGTTCACTGGAACAGAAAGAAATGGATTTATCTGCTCTTCGCGTTGAAGAAGTACAAAATGTCATTAATGCTATGCAGAAAATCTTAGAGTGTCCGAGCTGGTAAGTCAGCACAAGAGTGTATTAATTTGGGATTCCTATGATTATCTCCTATGCAAATGAACAGAATTGACCTTAC
ENST00000357654.9.ENSG00000012048.23_chr17:43124020_A>G_snv_rc,GTTGTCATTTTATAAACCTTTTAAAAAGATATATATATATGTTTTTCTAATGTGTTAAAGTTCACTGGAACAGAAAGAAATGGATTTATCTGCTCTTCGCGTTGAAGAAGTACAAAATGTCATTAATGCTATGCAGAAAATCTTAGAGTGTCCGACCTGGTAAGTCAGCACAAGAGTGTATTAATTTGGGATTCCTATGATTATCTCCTATGCAAATGAACAGAATTGACCTTAC
ENST00000357654.9.ENSG00000012048.23_chr17:43124020_A>T_snv_rc,GTTGTCATTTTATAAACCTTTTAAAAAGATATATATATATGTTTTTCTAATGTGTTAAAGTTCACTGGAACAGAAAGAAATGGATTTATCTGCTCTTCGCGTTGAAGAAGTACAAAATGTCATTAATGCTATGCAGAAAATCTTAGAGTGTCCGAACTGGTAAGTCAGCACAAGAGTGTATTAATTTGGGATTCCTATGATTATCTCCTATGCAAATGAACAGAATTGACCTTAC
ENST00000357654.9.ENSG00000012048.23_chr17:43124021_T>A_snv_rc,GTTGTCATTTTATAAACCTTTTAAAAAGATATATATATATGTTTTTCTAATGTGTTAAAGTTCACTGGAACAGAAAGAAATGGATTTATCTGCTCTTCGCGTTGAAGAAGTACAAAATGTCATTAATGCTATGCAGAAAATCTTAGAGTGTCCGTTCTGGTAAGTCAGCACAAGAGTGTATTAATTTGGGATTCCTATGATTATCTCCTATGCAAATGAACAGAATTGACCTTAC
ENST00000357654.9.ENSG00000012048.23_chr17:43124021_T>C_snv_rc,GTTGTCATTTTATAAACCTTTTAAAAAGATATATATATATGTTTTTCTAATGTGTTAAAGTTCACTGGAACAGAAAGAAATGGATTTATCTGCTCTTCGCGTTGAAGAAGTACAAAATGTCATTAATGCTATGCAGAAAATCTTAGAGTGTCCGGTCTGGTAAGTCAGCACAAGAGTGTATTAATTTGGGATTCCTATGATTATCTCCTATGCAAATGAACAGAATTGACCTTAC
ENST00000357654.9.ENSG00000012048.23_chr17:43124021_T>G_snv_rc,GTTGTCATTTTATAAACCTTTTAAAAAGATATATATATATGTTTTTCTAATGTGTTAAAGTTCACTGGAACAGAAAGAAATGGATTTATCTGCTCTTCGCGTTGAAGAAGTACAAAATGTCATTAATGCTATGCAGAAAATCTTAGAGTGTCCGCTCTGGTAAGTCAGCACAAGAGTGTATTAATTTGGGATTCCTATGATTATCTCCTATGCAAATGAACAGAATTGACCTTAC
ENST00000357654.9.ENSG00000012048.23_chr17:43124022_C>A_snv_rc,GTTGTCATTTTATAAACCTTTTAAAAAGATATATATATATGTTTTTCTAATGTGTTAAAGTTCACTGGAACAGAAAGAAATGGATTTATCTGCTCTTCGCGTTGAAGAAGTACAAAATGTCATTAATGCTATGCAGAAAATCTTAGAGTGTCCTATCTGGTAAGTCAGCACAAGAGTGTATTAATTTGGGATTCCTATGATTATCTCCTATGCAAATGAACAGAATTGACCTTAC
ENST00000357654.9.ENSG00000012048.23_chr17:43124022_C>G_snv_rc,GTTGTCATTTTATAAACCTTTTAAAAAGATATATATATATGTTTTTCTAATGTGTTAAAGTTCACTGGAACAGAAAGAAATGGATTTATCTGCTCTTCGCGTTGAAGAAGTACAAAATGTCATTAATGCTATGCAGAAAATCTTAGAGTGTCCCATCTGGTAAGTCAGCACAAGAGTGTATTAATTTGGGATTCCTATGATTATCTCCTATGCAAATGAACAGAATTGACCTTAC
ENST00000357654.9.ENSG00000012048.23_chr17:43124022_C>T_snv_rc,GTTGTCATTTTATAAACCTTTTAAAAAGATATATATATATGTTTTTCTAATGTGTTAAAGTTCACTGGAACAGAAAGAAATGGATTTATCTGCTCTTCGCGTTGAAGAAGTACAAAATGTCATTAATGCTATGCAGAAAATCTTAGAGTGTCCAATCTGGTAAGTCAGCACAAGAGTGTATTAATTTGGGATTCCTATGATTATCTCCTATGCAAATGAACAGAATTGACCTTAC
ENST00000357654.9.ENSG00000012048.23_chr17:43124023_G>A_snv_rc,GTTGTCATTTTATAAACCTTTTAAAAAGATATATATATATGTTTTTCTAATGTGTTAAAGTTCACTGGAACAGAAAGAAATGGATTTATCTGCTCTTCGCGTTGAAGAAGTACAAAATGTCATTAATGCTATGCAGAAAATCTTAGAGTGTCTGATCTGGTAAGTCAGCACAAGAGTGTATTAATTTGGGATTCCTATGATTATCTCCTATGCAAATGAACAGAATTGACCTTAC
ENST00000357654.9.ENSG00000012048.23_chr17:43124023_G>C_snv_rc,GTTGTCATTTTATAAACCTTTTAAAAAGATATATATATATGTTTTTCTAATGTGTTAAAGTTCACTGGAACAGAAAGAAATGGATTTATCTGCTCTTCGCGTTGAAGAAGTACAAAATGTCATTAATGCTATGCAGAAAATCTTAGAGTGTCGGATCTGGTAAGTCAGCACAAGAGTGTATTAATTTGGGATTCCTATGATTATCTCCTATGCAAATGAACAGAATTGACCTTAC
ENST00000357654.9.ENSG00000012048.23_chr17:43124023_G>T_snv_rc,GTTGTCATTTTATAAACCTTTTAAAAAGATATATATATATGTTTTTCTAATGTGTTAAAGTTCACTGGAACAGAAAGAAATGGATTTATCTGCTCTTCGCGTTGAAGAAGTACAAAATGTCATTAATGCTATGCAGAAAATCTTAGAGTGTCAGATCTGGTAAGTCAGCACAAGAGTGTATTAATTTGGGATTCCTATGATTATCTCCTATGCAAATGAACAGAATTGACCTTAC
ENST00000357654.9.ENSG00000012048.23_chr17:43124024_G>A_snv_rc,GTTGTCATTTTATAAACCTTTTAAAAAGATATATATATATGTTTTTCTAATGTGTTAAAGTTCACTGGAACAGAAAGAAATGGATTTATCTGCTCTTCGCGTTGAAGAAGTACAAAATGTCATTAATGCTATGCAGAAAATCTTAGAGTGTTCGATCTGGTAAGTCAGCACAAGAGTGTATTAATTTGGGATTCCTATGATTATCTCCTATGCAAATGAACAGAATTGACCTTAC
ENST00000357654.9.ENSG00000012048.23_chr17:43124024_G>C_snv_rc,GTTGTCATTTTATAAACCTTTTAAAAAGATATATATATATGTTTTTCTAATGTGTTAAAGTTCACTGGAACAGAAAGAAATGGATTTATCTGCTCTTCGCGTTGAAGAAGTACAAAATGTCATTAATGCTATGCAGAAAATCTTAGAGTGTGCGATCTGGTAAGTCAGCACAAGAGTGTATTAATTTGGGATTCCTATGATTATCTCCTATGCAAATGAACAGAATTGACCTTAC
ENST00000357654.9.ENSG00000012048.23_chr17:43124024_G>T_snv_rc,GTTGTCATTTTATAAACCTTTTAAAAAGATATATATATATGTTTTTCTAATGTGTTAAAGTTCACTGGAACAGAAAGAAATGGATTTATCTGCTCTTCGCGTTGAAGAAGTACAAAATGTCATTAATGCTATGCAGAAAATCTTAGAGTGTACGATCTGGTAAGTCAGCACAAGAGTGTATTAATTTGGGATTCCTATGATTATCTCCTATGCAAATGAACAGAATTGACCTTAC
ENST00000357654.9.ENSG00000012048.23_chr17:43124025_A>C_snv_rc,GTTGTCATTTTATAAACCTTTTAAAAAGATATATATATATGTTTTTCTAATGTGTTAAAGTTCACTGGAACAGAAAGAAATGGATTTATCTGCTCTTCGCGTTGAAGAAGTACAAAATGTCATTAATGCTATGCAGAAAATCTTAGAGTGGCCGATCTGGTAAGTCAGCACAAGAGTGTATTAATTTGGGATTCCTATGATTATCTCCTATGCAAATGAACAGAATTGACCTTAC
ENST00000357654.9.ENSG00000012048.23_chr17:43124025_A>G_snv_rc,GTTGTCATTTTATAAACCTTTTAAAAAGATATATATATATGTTTTTCTAATGTGTTAAAGTTCACTGGAACAGAAAGAAATGGATTTATCTGCTCTTCGCGTTGAAGAAGTACAAAATGTCATTAATGCTATGCAGAAAATCTTAGAGTGCCCGATCTGGTAAGTCAGCACAAGAGTGTATTAATTTGGGATTCCTATGATTATCTCCTATGCAAATGAACAGAATTGACCTTAC
ENST00000357654.9.ENSG00000012048.23_chr17:43124025_A>T_snv_rc,GTTGTCATTTTATAAACCTTTTAAAAAGATATATATATATGTTTTTCTAATGTGTTAAAGTTCACTGGAACAGAAAGAAATGGATTTATCTGCTCTTCGCGTTGAAGAAGTACAAAATGTCATTAATGCTATGCAGAAAATCTTAGAGTGACCGATCTGGTAAGTCAGCACAAGAGTGTATTAATTTGGGATTCCTATGATTATCTCCTATGCAAATGAACAGAATTGACCTTAC
ENST00000357654.9.ENSG00000012048.23_chr17:43124026_C>A_snv_rc,GTTGTCATTTTATAAACCTTTTAAAAAGATATATATATATGTTTTTCTAATGTGTTAAAGTTCACTGGAACAGAAAGAAATGGATTTATCTGCTCTTCGCGTTGAAGAAGTACAAAATGTCATTAATGCTATGCAGAAAATCTTAGAGTTTCCGATCTGGTAAGTCAGCACAAGAGTGTATTAATTTGGGATTCCTATGATTATCTCCTATGCAAATGAACAGAATTGACCTTAC
ENST00000357654.9.ENSG00000012048.23_chr17:43124026_C>G_snv_rc,GTTGTCATTTTATAAACCTTTTAAAAAGATATATATATATGTTTTTCTAATGTGTTAAAGTTCACTGGAACAGAAAGAAATGGATTTATCTGCTCTTCGCGTTGAAGAAGTACAAAATGTCATTAATGCTATGCAGAAAATCTTAGAGTCTCCGATCTGGTAAGTCAGCACAAGAGTGTATTAATTTGGGATTCCTATGATTATCTCCTATGCAAATGAACAGAATTGACCTTAC
ENST00000357654.9.ENSG00000012048.23_chr17:43124026_C>T_snv_rc,GTTGTCATTTTATAAACCTTTTAAAAAGATATATATATATGTTTTTCTAATGTGTTAAAGTTCACTGGAACAGAAAGAAATGGATTTATCTGCTCTTCGCGTTGAAGAAGTACAAAATGTCATTAATGCTATGCAGAAAATCTTAGAGTATCCGATCTGGTAAGTCAGCACAAGAGTGTATTAATTTGGGATTCCTATGATTATCTCCTATGCAAATGAACAGAATTGACCTTAC
ENST00000357654.9.ENSG00000012048.23_chr17:43124027_A>C_snv_rc,GTTGTCATTTTATAAACCTTTTAAAAAGATATATATATATGTTTTTCTAATGTGTTAAAGTTCACTGGAACAGAAAGAAATGGATTTATCTGCTCTTCGCGTTGAAGAAGTACAAAATGTCATTAATGCTATGCAGAAAATCTTAGAGGGTCCGATCTGGTAAGTCAGCACAAGAGTGTATTAATTTGGGATTCCTATGATTATCTCCTATGCAAATGAACAGAATTGACCTTAC
ENST00000357654.9.ENSG00000012048.23_chr17:43124027_A>G_snv_rc,GTTGTCATTTTATAAACCTTTTAAAAAGATATATATATATGTTTTTCTAATGTGTTAAAGTTCACTGGAACAGAAAGAAATGGATTTATCTGCTCTTCGCGTTGAAGAAGTACAAAATGTCATTAATGCTATGCAGAAAATCTTAGAGCGTCCGATCTGGTAAGTCAGCACAAGAGTGTATTAATTTGGGATTCCTATGATTATCTCCTATGCAAATGAACAGAATTGACCTTAC
ENST00000357654.9.ENSG00000012048.23_chr17:43124027_A>T_snv_rc,GTTGTCATTTTATAAACCTTTTAAAAAGATATATATATATGTTTTTCTAATGTGTTAAAGTTCACTGGAACAGAAAGAAATGGATTTATCTGCTCTTCGCGTTGAAGAAGTACAAAATGTCATTAATGCTATGCAGAAAATCTTAGAGAGTCCGATCTGGTAAGTCAGCACAAGAGTGTATTAATTTGGGATTCCTATGATTATCTCCTATGCAAATGAACAGAATTGACCTTAC
ENST00000357654.9.ENSG00000012048.23_chr17:43124028_C>A_snv_rc,GTTGTCATTTTATAAACCTTTTAAAAAGATATATATATATGTTTTTCTAATGTGTTAAAGTTCACTGGAACAGAAAGAAATGGATTTATCTGCTCTTCGCGTTGAAGAAGTACAAAATGTCATTAATGCTATGCAGAAAATCTTAGATTGTCCGATCTGGTAAGTCAGCACAAGAGTGTATTAATTTGGGATTCCTATGATTATCTCCTATGCAAATGAACAGAATTGACCTTAC
ENST00000357654.9.ENSG00000012048.23_chr17:43124028_C>G_snv_rc,GTTGTCATTTTATAAACCTTTTAAAAAGATATATATATATGTTTTTCTAATGTGTTAAAGTTCACTGGAACAGAAAGAAATGGATTTATCTGCTCTTCGCGTTGAAGAAGTACAAAATGTCATTAATGCTATGCAGAAAATCTTAGACTGTCCGATCTGGTAAGTCAGCACAAGAGTGTATTAATTTGGGATTCCTATGATTATCTCCTATGCAAATGAACAGAATTGACCTTAC
ENST00000357654.9.ENSG00000012048.23_chr17:43124028_C>T_snv_rc,GTTGTCATTTTATAAACCTTTTAAAAAGATATATATATATGTTTTTCTAATGTGTTAAAGTTCACTGGAACAGAAAGAAATGGATTTATCTGCTCTTCGCGTTGAAGAAGTACAAAATGTCATTAATGCTATGCAGAAAATCTTAGAATGTCCGATCTGGTAAGTCAGCACAAGAGTGTATTAATTTGGGATTCCTATGATTATCTCCTATGCAAATGAACAGAATTGACCTTAC
ENST00000357654.9.ENSG00000012048.23_chr17:43124029_T>A_snv_rc,GTTGTCATTTTATAAACCTTTTAAAAAGATATATATATATGTTTTTCTAATGTGTTAAAGTTCACTGGAACAGAAAGAAATGGATTTATCTGCTCTTCGCGTTGAAGAAGTACAAAATGTCATTAATGCTATGCAGAAAATCTTAGTGTGTCCGATCTGGTAAGTCAGCACAAGAGTGTATTAATTTGGGATTCCTATGATTATCTCCTATGCAAATGAACAGAATTGACCTTAC
ENST00000357654.9.ENSG00000012048.23_chr17:43124029_T>C_snv_rc,GTTGTCATTTTATAAACCTTTTAAAAAGATATATATATATGTTTTTCTAATGTGTTAAAGTTCACTGGAACAGAAAGAAATGGATTTATCTGCTCTTCGCGTTGAAGAAGTACAAAATGTCATTAATGCTATGCAGAAAATCTTAGGGTGTCCGATCTGGTAAGTCAGCACAAGAGTGTATTAATTTGGGATTCCTATGATTATCTCCTATGCAAATGAACAGAATTGACCTTAC
ENST00000357654.9.ENSG00000012048.23_chr17:43124029_T>G_snv_rc,GTTGTCATTTTATAAACCTTTTAAAAAGATATATATATATGTTTTTCTAATGTGTTAAAGTTCACTGGAACAGAAAGAAATGGATTTATCTGCTCTTCGCGTTGAAGAAGTACAAAATGTCATTAATGCTATGCAGAAAATCTTAGCGTGTCCGATCTGGTAAGTCAGCACAAGAGTGTATTAATTTGGGATTCCTATGATTATCTCCTATGCAAATGAACAGAATTGACCTTAC
ENST00000357654.9.ENSG00000012048.23_chr17:43124030_C>A_snv_rc,GTTGTCATTTTATAAACCTTTTAAAAAGATATATATATATGTTTTTCTAATGTGTTAAAGTTCACTGGAACAGAAAGAAATGGATTTATCTGCTCTTCGCGTTGAAGAAGTACAAAATGTCATTAATGCTATGCAGAAAATCTTATAGTGTCCGATCTGGTAAGTCAGCACAAGAGTGTATTAATTTGGGATTCCTATGATTATCTCCTATGCAAATGAACAGAATTGACCTTAC
ENST00000357654.9.ENSG00000012048.23_chr17:43124030_C>G_snv_rc,GTTGTCATTTTATAAACCTTTTAAAAAGATATATATATATGTTTTTCTAATGTGTTAAAGTTCACTGGAACAGAAAGAAATGGATTTATCTGCTCTTCGCGTTGAAGAAGTACAAAATGTCATTAATGCTATGCAGAAAATCTTACAGTGTCCGATCTGGTAAGTCAGCACAAGAGTGTATTAATTTGGGATTCCTATGATTATCTCCTATGCAAATGAACAGAATTGACCTTAC
ENST00000357654.9.ENSG00000012048.23_chr17:43124030_C>T_snv_rc,GTTGTCATTTTATAAACCTTTTAAAAAGATATATATATATGTTTTTCTAATGTGTTAAAGTTCACTGGAACAGAAAGAAATGGATTTATCTGCTCTTCGCGTTGAAGAAGTACAAAATGTCATTAATGCTATGCAGAAAATCTTAAAGTGTCCGATCTGGTAAGTCAGCACAAGAGTGTATTAATTTGGGATTCCTATGATTATCTCCTATGCAAATGAACAGAATTGACCTTAC
ENST00000357654.9.ENSG00000012048.23_chr17:43124031_T>A_snv_rc,GTTGTCATTTTATAAACCTTTTAAAAAGATATATATATATGTTTTTCTAATGTGTTAAAGTTCACTGGAACAGAAAGAAATGGATTTATCTGCTCTTCGCGTTGAAGAAGTACAAAATGTCATTAATGCTATGCAGAAAATCTTTGAGTGTCCGATCTGGTAAGTCAGCACAAGAGTGTATTAATTTGGGATTCCTATGATTATCTCCTATGCAAATGAACAGAATTGACCTTAC
ENST00000357654.9.ENSG00000012048.23_chr17:43124031_T>C_snv_rc,GTTGTCATTTTATAAACCTTTTAAAAAGATATATATATATGTTTTTCTAATGTGTTAAAGTTCACTGGAACAGAAAGAAATGGATTTATCTGCTCTTCGCGTTGAAGAAGTACAAAATGTCATTAATGCTATGCAGAAAATCTTGGAGTGTCCGATCTGGTAAGTCAGCACAAGAGTGTATTAATTTGGGATTCCTATGATTATCTCCTATGCAAATGAACAGAATTGACCTTAC
ENST00000357654.9.ENSG00000012048.23_chr17:43124031_T>G_snv_rc,GTTGTCATTTTATAAACCTTTTAAAAAGATATATATATATGTTTTTCTAATGTGTTAAAGTTCACTGGAACAGAAAGAAATGGATTTATCTGCTCTTCGCGTTGAAGAAGTACAAAATGTCATTAATGCTATGCAGAAAATCTTCGAGTGTCCGATCTGGTAAGTCAGCACAAGAGTGTATTAATTTGGGATTCCTATGATTATCTCCTATGCAAATGAACAGAATTGACCTTAC
ENST00000357654.9.ENSG00000012048.23_chr17:43124032_A>C_snv_rc,GTTGTCATTTTATAAACCTTTTAAAAAGATATATATATATGTTTTTCTAATGTGTTAAAGTTCACTGGAACAGAAAGAAATGGATTTATCTGCTCTTCGCGTTGAAGAAGTACAAAATGTCATTAATGCTATGCAGAAAATCTGAGAGTGTCCGATCTGGTAAGTCAGCACAAGAGTGTATTAATTTGGGATTCCTATGATTATCTCCTATGCAAATGAACAGAATTGACCTTAC
ENST00000357654.9.ENSG00000012048.23_chr17:43124032_A>G_snv_rc,GTTGTCATTTTATAAACCTTTTAAAAAGATATATATATATGTTTTTCTAATGTGTTAAAGTTCACTGGAACAGAAAGAAATGGATTTATCTGCTCTTCGCGTTGAAGAAGTACAAAATGTCATTAATGCTATGCAGAAAATCTCAGAGTGTCCGATCTGGTAAGTCAGCACAAGAGTGTATTAATTTGGGATTCCTATGATTATCTCCTATGCAAATGAACAGAATTGACCTTAC
ENST00000357654.9.ENSG00000012048.23_chr17:43124032_A>T_snv_rc,GTTGTCATTTTATAAACCTTTTAAAAAGATATATATATATGTTTTTCTAATGTGTTAAAGTTCACTGGAACAGAAAGAAATGGATTTATCTGCTCTTCGCGTTGAAGAAGTACAAAATGTCATTAATGCTATGCAGAAAATCTAAGAGTGTCCGATCTGGTAAGTCAGCACAAGAGTGTATTAATTTGGGATTCCTATGATTATCTCCTATGCAAATGAACAGAATTGACCTTAC
ENST00000357654.9.ENSG00000012048.23_chr17:43124033_A>C_snv_rc,GTTGTCATTTTATAAACCTTTTAAAAAGATATATATATATGTTTTTCTAATGTGTTAAAGTTCACTGGAACAGAAAGAAATGGATTTATCTGCTCTTCGCGTTGAAGAAGTACAAAATGTCATTAATGCTATGCAGAAAATCGTAGAGTGTCCGATCTGGTAAGTCAGCACAAGAGTGTATTAATTTGGGATTCCTATGATTATCTCCTATGCAAATGAACAGAATTGACCTTAC
ENST00000357654.9.ENSG00000012048.23_chr17:43124033_A>G_snv_rc,GTTGTCATTTTATAAACCTTTTAAAAAGATATATATATATGTTTTTCTAATGTGTTAAAGTTCACTGGAACAGAAAGAAATGGATTTATCTGCTCTTCGCGTTGAAGAAGTACAAAATGTCATTAATGCTATGCAGAAAATCCTAGAGTGTCCGATCTGGTAAGTCAGCACAAGAGTGTATTAATTTGGGATTCCTATGATTATCTCCTATGCAAATGAACAGAATTGACCTTAC
ENST00000357654.9.ENSG00000012048.23_chr17:43124033_A>T_snv_rc,GTTGTCATTTTATAAACCTTTTAAAAAGATATATATATATGTTTTTCTAATGTGTTAAAGTTCACTGGAACAGAAAGAAATGGATTTATCTGCTCTTCGCGTTGAAGAAGTACAAAATGTCATTAATGCTATGCAGAAAATCATAGAGTGTCCGATCTGGTAAGTCAGCACAAGAGTGTATTAATTTGGGATTCCTATGATTATCTCCTATGCAAATGAACAGAATTGACCTTAC
ENST00000357654.9.ENSG00000012048.23_chr17:43124034_G>A_snv_rc,GTTGTCATTTTATAAACCTTTTAAAAAGATATATATATATGTTTTTCTAATGTGTTAAAGTTCACTGGAACAGAAAGAAATGGATTTATCTGCTCTTCGCGTTGAAGAAGTACAAAATGTCATTAATGCTATGCAGAAAATTTTAGAGTGTCCGATCTGGTAAGTCAGCACAAGAGTGTATTAATTTGGGATTCCTATGATTATCTCCTATGCAAATGAACAGAATTGACCTTAC
ENST00000357654.9.ENSG00000012048.23_chr17:43124034_G>C_snv_rc,GTTGTCATTTTATAAACCTTTTAAAAAGATATATATATATGTTTTTCTAATGTGTTAAAGTTCACTGGAACAGAAAGAAATGGATTTATCTGCTCTTCGCGTTGAAGAAGTACAAAATGTCATTAATGCTATGCAGAAAATGTTAGAGTGTCCGATCTGGTAAGTCAGCACAAGAGTGTATTAATTTGGGATTCCTATGATTATCTCCTATGCAAATGAACAGAATTGACCTTAC
ENST00000357654.9.ENSG00000012048.23_chr17:43124034_G>T_snv_rc,GTTGTCATTTTATAAACCTTTTAAAAAGATATATATATATGTTTTTCTAATGTGTTAAAGTTCACTGGAACAGAAAGAAATGGATTTATCTGCTCTTCGCGTTGAAGAAGTACAAAATGTCATTAATGCTATGCAGAAAATATTAGAGTGTCCGATCTGGTAAGTCAGCACAAGAGTGTATTAATTTGGGATTCCTATGATTATCTCCTATGCAAATGAACAGAATTGACCTTAC
ENST00000357654.9.ENSG00000012048.23_chr17:43124035_A>C_snv_rc,GTTGTCATTTTATAAACCTTTTAAAAAGATATATATATATGTTTTTCTAATGTGTTAAAGTTCACTGGAACAGAAAGAAATGGATTTATCTGCTCTTCGCGTTGAAGAAGTACAAAATGTCATTAATGCTATGCAGAAAAGCTTAGAGTGTCCGATCTGGTAAGTCAGCACAAGAGTGTATTAATTTGGGATTCCTATGATTATCTCCTATGCAAATGAACAGAATTGACCTTAC
ENST00000357654.9.ENSG00000012048.23_chr17:43124035_A>G_snv_rc,GTTGTCATTTTATAAACCTTTTAAAAAGATATATATATATGTTTTTCTAATGTGTTAAAGTTCACTGGAACAGAAAGAAATGGATTTATCTGCTCTTCGCGTTGAAGAAGTACAAAATGTCATTAATGCTATGCAGAAAACCTTAGAGTGTCCGATCTGGTAAGTCAGCACAAGAGTGTATTAATTTGGGATTCCTATGATTATCTCCTATGCAAATGAACAGAATTGACCTTAC
ENST00000357654.9.ENSG00000012048.23_chr17:43124035_A>T_snv_rc,GTTGTCATTTTATAAACCTTTTAAAAAGATATATATATATGTTTTTCTAATGTGTTAAAGTTCACTGGAACAGAAAGAAATGGATTTATCTGCTCTTCGCGTTGAAGAAGTACAAAATGTCATTAATGCTATGCAGAAAAACTTAGAGTGTCCGATCTGGTAAGTCAGCACAAGAGTGTATTAATTTGGGATTCCTATGATTATCTCCTATGCAAATGAACAGAATTGACCTTAC
ENST00000357654.9.ENSG00000012048.23_chr17:43124036_T>A_snv_rc,GTTGTCATTTTATAAACCTTTTAAAAAGATATATATATATGTTTTTCTAATGTGTTAAAGTTCACTGGAACAGAAAGAAATGGATTTATCTGCTCTTCGCGTTGAAGAAGTACAAAATGTCATTAATGCTATGCAGAAATTCTTAGAGTGTCCGATCTGGTAAGTCAGCACAAGAGTGTATTAATTTGGGATTCCTATGATTATCTCCTATGCAAATGAACAGAATTGACCTTAC
ENST00000357654.9.ENSG00000012048.23_chr17:43124036_T>C_snv_rc,GTTGTCATTTTATAAACCTTTTAAAAAGATATATATATATGTTTTTCTAATGTGTTAAAGTTCACTGGAACAGAAAGAAATGGATTTATCTGCTCTTCGCGTTGAAGAAGTACAAAATGTCATTAATGCTATGCAGAAAGTCTTAGAGTGTCCGATCTGGTAAGTCAGCACAAGAGTGTATTAATTTGGGATTCCTATGATTATCTCCTATGCAAATGAACAGAATTGACCTTAC
ENST00000357654.9.ENSG00000012048.23_chr17:43124036_T>G_snv_rc,GTTGTCATTTTATAAACCTTTTAAAAAGATATATATATATGTTTTTCTAATGTGTTAAAGTTCACTGGAACAGAAAGAAATGGATTTATCTGCTCTTCGCGTTGAAGAAGTACAAAATGTCATTAATGCTATGCAGAAACTCTTAGAGTGTCCGATCTGGTAAGTCAGCACAAGAGTGTATTAATTTGGGATTCCTATGATTATCTCCTATGCAAATGAACAGAATTGACCTTAC
ENST00000357654.9.ENSG00000012048.23_chr17:43124037_T>A_snv_rc,GTTGTCATTTTATAAACCTTTTAAAAAGATATATATATATGTTTTTCTAATGTGTTAAAGTTCACTGGAACAGAAAGAAATGGATTTATCTGCTCTTCGCGTTGAAGAAGTACAAAATGTCATTAATGCTATGCAGAATATCTTAGAGTGTCCGATCTGGTAAGTCAGCACAAGAGTGTATTAATTTGGGATTCCTATGATTATCTCCTATGCAAATGAACAGAATTGACCTTAC
ENST00000357654.9.ENSG00000012048.23_chr17:43124037_T>C_snv_rc,GTTGTCATTTTATAAACCTTTTAAAAAGATATATATATATGTTTTTCTAATGTGTTAAAGTTCACTGGAACAGAAAGAAATGGATTTATCTGCTCTTCGCGTTGAAGAAGTACAAAATGTCATTAATGCTATGCAGAAGATCTTAGAGTGTCCGATCTGGTAAGTCAGCACAAGAGTGTATTAATTTGGGATTCCTATGATTATCTCCTATGCAAATGAACAGAATTGACCTTAC
ENST00000357654.9.ENSG00000012048.23_chr17:43124037_T>G_snv_rc,GTTGTCATTTTATAAACCTTTTAAAAAGATATATATATATGTTTTTCTAATGTGTTAAAGTTCACTGGAACAGAAAGAAATGGATTTATCTGCTCTTCGCGTTGAAGAAGTACAAAATGTCATTAATGCTATGCAGAACATCTTAGAGTGTCCGATCTGGTAAGTCAGCACAAGAGTGTATTAATTTGGGATTCCTATGATTATCTCCTATGCAAATGAACAGAATTGACCTTAC
ENST00000357654.9.ENSG00000012048.23_chr17:43124038_T>A_snv_rc,GTTGTCATTTTATAAACCTTTTAAAAAGATATATATATATGTTTTTCTAATGTGTTAAAGTTCACTGGAACAGAAAGAAATGGATTTATCTGCTCTTCGCGTTGAAGAAGTACAAAATGTCATTAATGCTATGCAGATAATCTTAGAGTGTCCGATCTGGTAAGTCAGCACAAGAGTGTATTAATTTGGGATTCCTATGATTATCTCCTATGCAAATGAACAGAATTGACCTTAC
ENST00000357654.9.ENSG00000012048.23_chr17:43124038_T>C_snv_rc,GTTGTCATTTTATAAACCTTTTAAAAAGATATATATATATGTTTTTCTAATGTGTTAAAGTTCACTGGAACAGAAAGAAATGGATTTATCTGCTCTTCGCGTTGAAGAAGTACAAAATGTCATTAATGCTATGCAGAGAATCTTAGAGTGTCCGATCTGGTAAGTCAGCACAAGAGTGTATTAATTTGGGATTCCTATGATTATCTCCTATGCAAATGAACAGAATTGACCTTAC
ENST00000357654.9.ENSG00000012048.23_chr17:43124038_T>G_snv_rc,GTTGTCATTTTATAAACCTTTTAAAAAGATATATATATATGTTTTTCTAATGTGTTAAAGTTCACTGGAACAGAAAGAAATGGATTTATCTGCTCTTCGCGTTGAAGAAGTACAAAATGTCATTAATGCTATGCAGACAATCTTAGAGTGTCCGATCTGGTAAGTCAGCACAAGAGTGTATTAATTTGGGATTCCTATGATTATCTCCTATGCAAATGAACAGAATTGACCTTAC
ENST00000357654.9.ENSG00000012048.23_chr17:43124039_T>A_snv_rc,GTTGTCATTTTATAAACCTTTTAAAAAGATATATATATATGTTTTTCTAATGTGTTAAAGTTCACTGGAACAGAAAGAAATGGATTTATCTGCTCTTCGCGTTGAAGAAGTACAAAATGTCATTAATGCTATGCAGTAAATCTTAGAGTGTCCGATCTGGTAAGTCAGCACAAGAGTGTATTAATTTGGGATTCCTATGATTATCTCCTATGCAAATGAACAGAATTGACCTTAC
ENST00000357654.9.ENSG00000012048.23_chr17:43124039_T>C_snv_rc,GTTGTCATTTTATAAACCTTTTAAAAAGATATATATATATGTTTTTCTAATGTGTTAAAGTTCACTGGAACAGAAAGAAATGGATTTATCTGCTCTTCGCGTTGAAGAAGTACAAAATGTCATTAATGCTATGCAGGAAATCTTAGAGTGTCCGATCTGGTAAGTCAGCACAAGAGTGTATTAATTTGGGATTCCTATGATTATCTCCTATGCAAATGAACAGAATTGACCTTAC
ENST00000357654.9.ENSG00000012048.23_chr17:43124039_T>G_snv_rc,GTTGTCATTTTATAAACCTTTTAAAAAGATATATATATATGTTTTTCTAATGTGTTAAAGTTCACTGGAACAGAAAGAAATGGATTTATCTGCTCTTCGCGTTGAAGAAGTACAAAATGTCATTAATGCTATGCAGCAAATCTTAGAGTGTCCGATCTGGTAAGTCAGCACAAGAGTGTATTAATTTGGGATTCCTATGATTATCTCCTATGCAAATGAACAGAATTGACCTTAC
ENST00000357654.9.ENSG00000012048.23_chr17:43124040_C>A_snv_rc,GTTGTCATTTTATAAACCTTTTAAAAAGATATATATATATGTTTTTCTAATGTGTTAAAGTTCACTGGAACAGAAAGAAATGGATTTATCTGCTCTTCGCGTTGAAGAAGTACAAAATGTCATTAATGCTATGCATAAAATCTTAGAGTGTCCGATCTGGTAAGTCAGCACAAGAGTGTATTAATTTGGGATTCCTATGATTATCTCCTATGCAAATGAACAGAATTGACCTTAC
ENST00000357654.9.ENSG00000012048.23_chr17:43124040_C>G_snv_rc,GTTGTCATTTTATAAACCTTTTAAAAAGATATATATATATGTTTTTCTAATGTGTTAAAGTTCACTGGAACAGAAAGAAATGGATTTATCTGCTCTTCGCGTTGAAGAAGTACAAAATGTCATTAATGCTATGCACAAAATCTTAGAGTGTCCGATCTGGTAAGTCAGCACAAGAGTGTATTAATTTGGGATTCCTATGATTATCTCCTATGCAAATGAACAGAATTGACCTTAC
ENST00000357654.9.ENSG00000012048.23_chr17:43124040_C>T_snv_rc,GTTGTCATTTTATAAACCTTTTAAAAAGATATATATATATGTTTTTCTAATGTGTTAAAGTTCACTGGAACAGAAAGAAATGGATTTATCTGCTCTTCGCGTTGAAGAAGTACAAAATGTCATTAATGCTATGCAAAAAATCTTAGAGTGTCCGATCTGGTAAGTCAGCACAAGAGTGTATTAATTTGGGATTCCTATGATTATCTCCTATGCAAATGAACAGAATTGACCTTAC
ENST00000357654.9.ENSG00000012048.23_chr17:43124041_T>A_snv_rc,GTTGTCATTTTATAAACCTTTTAAAAAGATATATATATATGTTTTTCTAATGTGTTAAAGTTCACTGGAACAGAAAGAAATGGATTTATCTGCTCTTCGCGTTGAAGAAGTACAAAATGTCATTAATGCTATGCTGAAAATCTTAGAGTGTCCGATCTGGTAAGTCAGCACAAGAGTGTATTAATTTGGGATTCCTATGATTATCTCCTATGCAAATGAACAGAATTGACCTTAC
ENST00000357654.9.ENSG00000012048.23_chr17:43124041_T>C_snv_rc,GTTGTCATTTTATAAACCTTTTAAAAAGATATATATATATGTTTTTCTAATGTGTTAAAGTTCACTGGAACAGAAAGAAATGGATTTATCTGCTCTTCGCGTTGAAGAAGTACAAAATGTCATTAATGCTATGCGGAAAATCTTAGAGTGTCCGATCTGGTAAGTCAGCACAAGAGTGTATTAATTTGGGATTCCTATGATTATCTCCTATGCAAATGAACAGAATTGACCTTAC
ENST00000357654.9.ENSG00000012048.23_chr17:43124041_T>G_snv_rc,GTTGTCATTTTATAAACCTTTTAAAAAGATATATATATATGTTTTTCTAATGTGTTAAAGTTCACTGGAACAGAAAGAAATGGATTTATCTGCTCTTCGCGTTGAAGAAGTACAAAATGTCATTAATGCTATGCCGAAAATCTTAGAGTGTCCGATCTGGTAAGTCAGCACAAGAGTGTATTAATTTGGGATTCCTATGATTATCTCCTATGCAAATGAACAGAATTGACCTTAC
ENST00000357654.9.ENSG00000012048.23_chr17:43124042_G>A_snv_rc,GTTGTCATTTTATAAACCTTTTAAAAAGATATATATATATGTTTTTCTAATGTGTTAAAGTTCACTGGAACAGAAAGAAATGGATTTATCTGCTCTTCGCGTTGAAGAAGTACAAAATGTCATTAATGCTATGTAGAAAATCTTAGAGTGTCCGATCTGGTAAGTCAGCACAAGAGTGTATTAATTTGGGATTCCTATGATTATCTCCTATGCAAATGAACAGAATTGACCTTAC
ENST00000357654.9.ENSG00000012048.23_chr17:43124042_G>C_snv_rc,GTTGTCATTTTATAAACCTTTTAAAAAGATATATATATATGTTTTTCTAATGTGTTAAAGTTCACTGGAACAGAAAGAAATGGATTTATCTGCTCTTCGCGTTGAAGAAGTACAAAATGTCATTAATGCTATGGAGAAAATCTTAGAGTGTCCGATCTGGTAAGTCAGCACAAGAGTGTATTAATTTGGGATTCCTATGATTATCTCCTATGCAAATGAACAGAATTGACCTTAC
ENST00000357654.9.ENSG00000012048.23_chr17:43124042_G>T_snv_rc,GTTGTCATTTTATAAACCTTTTAAAAAGATATATATATATGTTTTTCTAATGTGTTAAAGTTCACTGGAACAGAAAGAAATGGATTTATCTGCTCTTCGCGTTGAAGAAGTACAAAATGTCATTAATGCTATGAAGAAAATCTTAGAGTGTCCGATCTGGTAAGTCAGCACAAGAGTGTATTAATTTGGGATTCCTATGATTATCTCCTATGCAAATGAACAGAATTGACCTTAC
ENST00000357654.9.ENSG00000012048.23_chr17:43124043_C>A_snv_rc,GTTGTCATTTTATAAACCTTTTAAAAAGATATATATATATGTTTTTCTAATGTGTTAAAGTTCACTGGAACAGAAAGAAATGGATTTATCTGCTCTTCGCGTTGAAGAAGTACAAAATGTCATTAATGCTATTCAGAAAATCTTAGAGTGTCCGATCTGGTAAGTCAGCACAAGAGTGTATTAATTTGGGATTCCTATGATTATCTCCTATGCAAATGAACAGAATTGACCTTAC
ENST00000357654.9.ENSG00000012048.23_chr17:43124043_C>G_snv_rc,GTTGTCATTTTATAAACCTTTTAAAAAGATATATATATATGTTTTTCTAATGTGTTAAAGTTCACTGGAACAGAAAGAAATGGATTTATCTGCTCTTCGCGTTGAAGAAGTACAAAATGTCATTAATGCTATCCAGAAAATCTTAGAGTGTCCGATCTGGTAAGTCAGCACAAGAGTGTATTAATTTGGGATTCCTATGATTATCTCCTATGCAAATGAACAGAATTGACCTTAC
ENST00000357654.9.ENSG00000012048.23_chr17:43124043_C>T_snv_rc,GTTGTCATTTTATAAACCTTTTAAAAAGATATATATATATGTTTTTCTAATGTGTTAAAGTTCACTGGAACAGAAAGAAATGGATTTATCTGCTCTTCGCGTTGAAGAAGTACAAAATGTCATTAATGCTATACAGAAAATCTTAGAGTGTCCGATCTGGTAAGTCAGCACAAGAGTGTATTAATTTGGGATTCCTATGATTATCTCCTATGCAAATGAACAGAATTGACCTTAC
ENST00000357654.9.ENSG00000012048.23_chr17:43124044_A>C_snv_rc,GTTGTCATTTTATAAACCTTTTAAAAAGATATATATATATGTTTTTCTAATGTGTTAAAGTTCACTGGAACAGAAAGAAATGGATTTATCTGCTCTTCGCGTTGAAGAAGTACAAAATGTCATTAATGCTAGGCAGAAAATCTTAGAGTGTCCGATCTGGTAAGTCAGCACAAGAGTGTATTAATTTGGGATTCCTATGATTATCTCCTATGCAAATGAACAGAATTGACCTTAC
ENST00000357654.9.ENSG00000012048.23_chr17:43124044_A>G_snv_rc,GTTGTCATTTTATAAACCTTTTAAAAAGATATATATATATGTTTTTCTAATGTGTTAAAGTTCACTGGAACAGAAAGAAATGGATTTATCTGCTCTTCGCGTTGAAGAAGTACAAAATGTCATTAATGCTACGCAGAAAATCTTAGAGTGTCCGATCTGGTAAGTCAGCACAAGAGTGTATTAATTTGGGATTCCTATGATTATCTCCTATGCAAATGAACAGAATTGACCTTAC
ENST00000357654.9.ENSG00000012048.23_chr17:43124044_A>T_snv_rc,GTTGTCATTTTATAAACCTTTTAAAAAGATATATATATATGTTTTTCTAATGTGTTAAAGTTCACTGGAACAGAAAGAAATGGATTTATCTGCTCTTCGCGTTGAAGAAGTACAAAATGTCATTAATGCTAAGCAGAAAATCTTAGAGTGTCCGATCTGGTAAGTCAGCACAAGAGTGTATTAATTTGGGATTCCTATGATTATCTCCTATGCAAATGAACAGAATTGACCTTAC
ENST00000357654.9.ENSG00000012048.23_chr17:43124045_T>A_snv_rc,GTTGTCATTTTATAAACCTTTTAAAAAGATATATATATATGTTTTTCTAATGTGTTAAAGTTCACTGGAACAGAAAGAAATGGATTTATCTGCTCTTCGCGTTGAAGAAGTACAAAATGTCATTAATGCTTTGCAGAAAATCTTAGAGTGTCCGATCTGGTAAGTCAGCACAAGAGTGTATTAATTTGGGATTCCTATGATTATCTCCTATGCAAATGAACAGAATTGACCTTAC
ENST00000357654.9.ENSG00000012048.23_chr17:43124045_T>C_snv_rc,GTTGTCATTTTATAAACCTTTTAAAAAGATATATATATATGTTTTTCTAATGTGTTAAAGTTCACTGGAACAGAAAGAAATGGATTTATCTGCTCTTCGCGTTGAAGAAGTACAAAATGTCATTAATGCTGTGCAGAAAATCTTAGAGTGTCCGATCTGGTAAGTCAGCACAAGAGTGTATTAATTTGGGATTCCTATGATTATCTCCTATGCAAATGAACAGAATTGACCTTAC
ENST00000357654.9.ENSG00000012048.23_chr17:43124045_T>G_snv_rc,GTTGTCATTTTATAAACCTTTTAAAAAGATATATATATATGTTTTTCTAATGTGTTAAAGTTCACTGGAACAGAAAGAAATGGATTTATCTGCTCTTCGCGTTGAAGAAGTACAAAATGTCATTAATGCTCTGCAGAAAATCTTAGAGTGTCCGATCTGGTAAGTCAGCACAAGAGTGTATTAATTTGGGATTCCTATGATTATCTCCTATGCAAATGAACAGAATTGACCTTAC
ENST00000357654.9.ENSG00000012048.23_chr17:43124046_A>C_snv_rc,GTTGTCATTTTATAAACCTTTTAAAAAGATATATATATATGTTTTTCTAATGTGTTAAAGTTCACTGGAACAGAAAGAAATGGATTTATCTGCTCTTCGCGTTGAAGAAGTACAAAATGTCATTAATGCGATGCAGAAAATCTTAGAGTGTCCGATCTGGTAAGTCAGCACAAGAGTGTATTAATTTGGGATTCCTATGATTATCTCCTATGCAAATGAACAGAATTGACCTTAC
ENST00000357654.9.ENSG00000012048.23_chr17:43124046_A>G_snv_rc,GTTGTCATTTTATAAACCTTTTAAAAAGATATATATATATGTTTTTCTAATGTGTTAAAGTTCACTGGAACAGAAAGAAATGGATTTATCTGCTCTTCGCGTTGAAGAAGTACAAAATGTCATTAATGCCATGCAGAAAATCTTAGAGTGTCCGATCTGGTAAGTCAGCACAAGAGTGTATTAATTTGGGATTCCTATGATTATCTCCTATGCAAATGAACAGAATTGACCTTAC
ENST00000357654.9.ENSG00000012048.23_chr17:43124046_A>T_snv_rc,GTTGTCATTTTATAAACCTTTTAAAAAGATATATATATATGTTTTTCTAATGTGTTAAAGTTCACTGGAACAGAAAGAAATGGATTTATCTGCTCTTCGCGTTGAAGAAGTACAAAATGTCATTAATGCAATGCAGAAAATCTTAGAGTGTCCGATCTGGTAAGTCAGCACAAGAGTGTATTAATTTGGGATTCCTATGATTATCTCCTATGCAAATGAACAGAATTGACCTTAC
ENST00000357654.9.ENSG00000012048.23_chr17:43124047_G>A_snv_rc,GTTGTCATTTTATAAACCTTTTAAAAAGATATATATATATGTTTTTCTAATGTGTTAAAGTTCACTGGAACAGAAAGAAATGGATTTATCTGCTCTTCGCGTTGAAGAAGTACAAAATGTCATTAATGTTATGCAGAAAATCTTAGAGTGTCCGATCTGGTAAGTCAGCACAAGAGTGTATTAATTTGGGATTCCTATGATTATCTCCTATGCAAATGAACAGAATTGACCTTAC
ENST00000357654.9.ENSG00000012048.23_chr17:43124047_G>C_snv_rc,GTTGTCATTTTATAAACCTTTTAAAAAGATATATATATATGTTTTTCTAATGTGTTAAAGTTCACTGGAACAGAAAGAAATGGATTTATCTGCTCTTCGCGTTGAAGAAGTACAAAATGTCATTAATGGTATGCAGAAAATCTTAGAGTGTCCGATCTGGTAAGTCAGCACAAGAGTGTATTAATTTGGGATTCCTATGATTATCTCCTATGCAAATGAACAGAATTGACCTTAC
ENST00000357654.9.ENSG00000012048.23_chr17:43124047_G>T_snv_rc,GTTGTCATTTTATAAACCTTTTAAAAAGATATATATATATGTTTTTCTAATGTGTTAAAGTTCACTGGAACAGAAAGAAATGGATTTATCTGCTCTTCGCGTTGAAGAAGTACAAAATGTCATTAATGATATGCAGAAAATCTTAGAGTGTCCGATCTGGTAAGTCAGCACAAGAGTGTATTAATTTGGGATTCCTATGATTATCTCCTATGCAAATGAACAGAATTGACCTTAC
ENST00000357654.9.ENSG00000012048.23_chr17:43124048_C>A_snv_rc,GTTGTCATTTTATAAACCTTTTAAAAAGATATATATATATGTTTTTCTAATGTGTTAAAGTTCACTGGAACAGAAAGAAATGGATTTATCTGCTCTTCGCGTTGAAGAAGTACAAAATGTCATTAATTCTATGCAGAAAATCTTAGAGTGTCCGATCTGGTAAGTCAGCACAAGAGTGTATTAATTTGGGATTCCTATGATTATCTCCTATGCAAATGAACAGAATTGACCTTAC
ENST00000357654.9.ENSG00000012048.23_chr17:43124048_C>G_snv_rc,GTTGTCATTTTATAAACCTTTTAAAAAGATATATATATATGTTTTTCTAATGTGTTAAAGTTCACTGGAACAGAAAGAAATGGATTTATCTGCTCTTCGCGTTGAAGAAGTACAAAATGTCATTAATCCTATGCAGAAAATCTTAGAGTGTCCGATCTGGTAAGTCAGCACAAGAGTGTATTAATTTGGGATTCCTATGATTATCTCCTATGCAAATGAACAGAATTGACCTTAC
ENST00000357654.9.ENSG00000012048.23_chr17:43124048_C>T_snv_rc,GTTGTCATTTTATAAACCTTTTAAAAAGATATATATATATGTTTTTCTAATGTGTTAAAGTTCACTGGAACAGAAAGAAATGGATTTATCTGCTCTTCGCGTTGAAGAAGTACAAAATGTCATTAATACTATGCAGAAAATCTTAGAGTGTCCGATCTGGTAAGTCAGCACAAGAGTGTATTAATTTGGGATTCCTATGATTATCTCCTATGCAAATGAACAGAATTGACCTTAC
ENST00000357654.9.ENSG00000012048.23_chr17:43124049_A>C_snv_rc,GTTGTCATTTTATAAACCTTTTAAAAAGATATATATATATGTTTTTCTAATGTGTTAAAGTTCACTGGAACAGAAAGAAATGGATTTATCTGCTCTTCGCGTTGAAGAAGTACAAAATGTCATTAAGGCTATGCAGAAAATCTTAGAGTGTCCGATCTGGTAAGTCAGCACAAGAGTGTATTAATTTGGGATTCCTATGATTATCTCCTATGCAAATGAACAGAATTGACCTTAC
ENST00000357654.9.ENSG00000012048.23_chr17:43124049_A>G_snv_rc,GTTGTCATTTTATAAACCTTTTAAAAAGATATATATATATGTTTTTCTAATGTGTTAAAGTTCACTGGAACAGAAAGAAATGGATTTATCTGCTCTTCGCGTTGAAGAAGTACAAAATGTCATTAACGCTATGCAGAAAATCTTAGAGTGTCCGATCTGGTAAGTCAGCACAAGAGTGTATTAATTTGGGATTCCTATGATTATCTCCTATGCAAATGAACAGAATTGACCTTAC
ENST00000357654.9.ENSG00000012048.23_chr17:43124049_A>T_snv_rc,GTTGTCATTTTATAAACCTTTTAAAAAGATATATATATATGTTTTTCTAATGTGTTAAAGTTCACTGGAACAGAAAGAAATGGATTTATCTGCTCTTCGCGTTGAAGAAGTACAAAATGTCATTAAAGCTATGCAGAAAATCTTAGAGTGTCCGATCTGGTAAGTCAGCACAAGAGTGTATTAATTTGGGATTCCTATGATTATCTCCTATGCAAATGAACAGAATTGACCTTAC
ENST00000357654.9.ENSG00000012048.23_chr17:43124050_T>A_snv_rc,GTTGTCATTTTATAAACCTTTTAAAAAGATATATATATATGTTTTTCTAATGTGTTAAAGTTCACTGGAACAGAAAGAAATGGATTTATCTGCTCTTCGCGTTGAAGAAGTACAAAATGTCATTATTGCTATGCAGAAAATCTTAGAGTGTCCGATCTGGTAAGTCAGCACAAGAGTGTATTAATTTGGGATTCCTATGATTATCTCCTATGCAAATGAACAGAATTGACCTTAC
ENST00000357654.9.ENSG00000012048.23_chr17:43124050_T>C_snv_rc,GTTGTCATTTTATAAACCTTTTAAAAAGATATATATATATGTTTTTCTAATGTGTTAAAGTTCACTGGAACAGAAAGAAATGGATTTATCTGCTCTTCGCGTTGAAGAAGTACAAAATGTCATTAGTGCTATGCAGAAAATCTTAGAGTGTCCGATCTGGTAAGTCAGCACAAGAGTGTATTAATTTGGGATTCCTATGATTATCTCCTATGCAAATGAACAGAATTGACCTTAC
ENST00000357654.9.ENSG00000012048.23_chr17:43124050_T>G_snv_rc,GTTGTCATTTTATAAACCTTTTAAAAAGATATATATATATGTTTTTCTAATGTGTTAAAGTTCACTGGAACAGAAAGAAATGGATTTATCTGCTCTTCGCGTTGAAGAAGTACAAAATGTCATTACTGCTATGCAGAAAATCTTAGAGTGTCCGATCTGGTAAGTCAGCACAAGAGTGTATTAATTTGGGATTCCTATGATTATCTCCTATGCAAATGAACAGAATTGACCTTAC
ENST00000357654.9.ENSG00000012048.23_chr17:43124051_T>A_snv_rc,GTTGTCATTTTATAAACCTTTTAAAAAGATATATATATATGTTTTTCTAATGTGTTAAAGTTCACTGGAACAGAAAGAAATGGATTTATCTGCTCTTCGCGTTGAAGAAGTACAAAATGTCATTTATGCTATGCAGAAAATCTTAGAGTGTCCGATCTGGTAAGTCAGCACAAGAGTGTATTAATTTGGGATTCCTATGATTATCTCCTATGCAAATGAACAGAATTGACCTTAC
ENST00000357654.9.ENSG00000012048.23_chr17:43124051_T>C_snv_rc,GTTGTCATTTTATAAACCTTTTAAAAAGATATATATATATGTTTTTCTAATGTGTTAAAGTTCACTGGAACAGAAAGAAATGGATTTATCTGCTCTTCGCGTTGAAGAAGTACAAAATGTCATTGATGCTATGCAGAAAATCTTAGAGTGTCCGATCTGGTAAGTCAGCACAAGAGTGTATTAATTTGGGATTCCTATGATTATCTCCTATGCAAATGAACAGAATTGACCTTAC
ENST00000357654.9.ENSG00000012048.23_chr17:43124051_T>G_snv_rc,GTTGTCATTTTATAAACCTTTTAAAAAGATATATATATATGTTTTTCTAATGTGTTAAAGTTCACTGGAACAGAAAGAAATGGATTTATCTGCTCTTCGCGTTGAAGAAGTACAAAATGTCATTCATGCTATGCAGAAAATCTTAGAGTGTCCGATCTGGTAAGTCAGCACAAGAGTGTATTAATTTGGGATTCCTATGATTATCTCCTATGCAAATGAACAGAATTGACCTTAC
ENST00000357654.9.ENSG00000012048.23_chr17:43124052_A>C_snv_rc,GTTGTCATTTTATAAACCTTTTAAAAAGATATATATATATGTTTTTCTAATGTGTTAAAGTTCACTGGAACAGAAAGAAATGGATTTATCTGCTCTTCGCGTTGAAGAAGTACAAAATGTCATGAATGCTATGCAGAAAATCTTAGAGTGTCCGATCTGGTAAGTCAGCACAAGAGTGTATTAATTTGGGATTCCTATGATTATCTCCTATGCAAATGAACAGAATTGACCTTAC
ENST00000357654.9.ENSG00000012048.23_chr17:43124052_A>G_snv_rc,GTTGTCATTTTATAAACCTTTTAAAAAGATATATATATATGTTTTTCTAATGTGTTAAAGTTCACTGGAACAGAAAGAAATGGATTTATCTGCTCTTCGCGTTGAAGAAGTACAAAATGTCATCAATGCTATGCAGAAAATCTTAGAGTGTCCGATCTGGTAAGTCAGCACAAGAGTGTATTAATTTGGGATTCCTATGATTATCTCCTATGCAAATGAACAGAATTGACCTTAC
ENST00000357654.9.ENSG00000012048.23_chr17:43124052_A>T_snv_rc,GTTGTCATTTTATAAACCTTTTAAAAAGATATATATATATGTTTTTCTAATGTGTTAAAGTTCACTGGAACAGAAAGAAATGGATTTATCTGCTCTTCGCGTTGAAGAAGTACAAAATGTCATAAATGCTATGCAGAAAATCTTAGAGTGTCCGATCTGGTAAGTCAGCACAAGAGTGTATTAATTTGGGATTCCTATGATTATCTCCTATGCAAATGAACAGAATTGACCTTAC
ENST00000357654.9.ENSG00000012048.23_chr17:43124053_A>C_snv_rc,GTTGTCATTTTATAAACCTTTTAAAAAGATATATATATATGTTTTTCTAATGTGTTAAAGTTCACTGGAACAGAAAGAAATGGATTTATCTGCTCTTCGCGTTGAAGAAGTACAAAATGTCAGTAATGCTATGCAGAAAATCTTAGAGTGTCCGATCTGGTAAGTCAGCACAAGAGTGTATTAATTTGGGATTCCTATGATTATCTCCTATGCAAATGAACAGAATTGACCTTAC
ENST00000357654.9.ENSG00000012048.23_chr17:43124053_A>G_snv_rc,GTTGTCATTTTATAAACCTTTTAAAAAGATATATATATATGTTTTTCTAATGTGTTAAAGTTCACTGGAACAGAAAGAAATGGATTTATCTGCTCTTCGCGTTGAAGAAGTACAAAATGTCACTAATGCTATGCAGAAAATCTTAGAGTGTCCGATCTGGTAAGTCAGCACAAGAGTGTATTAATTTGGGATTCCTATGATTATCTCCTATGCAAATGAACAGAATTGACCTTAC
ENST00000357654.9.ENSG00000012048.23_chr17:43124053_A>T_snv_rc,GTTGTCATTTTATAAACCTTTTAAAAAGATATATATATATGTTTTTCTAATGTGTTAAAGTTCACTGGAACAGAAAGAAATGGATTTATCTGCTCTTCGCGTTGAAGAAGTACAAAATGTCAATAATGCTATGCAGAAAATCTTAGAGTGTCCGATCTGGTAAGTCAGCACAAGAGTGTATTAATTTGGGATTCCTATGATTATCTCCTATGCAAATGAACAGAATTGACCTTAC
ENST00000357654.9.ENSG00000012048.23_chr17:43124054_T>A_snv_rc,GTTGTCATTTTATAAACCTTTTAAAAAGATATATATATATGTTTTTCTAATGTGTTAAAGTTCACTGGAACAGAAAGAAATGGATTTATCTGCTCTTCGCGTTGAAGAAGTACAAAATGTCTTTAATGCTATGCAGAAAATCTTAGAGTGTCCGATCTGGTAAGTCAGCACAAGAGTGTATTAATTTGGGATTCCTATGATTATCTCCTATGCAAATGAACAGAATTGACCTTAC
ENST00000357654.9.ENSG00000012048.23_chr17:43124054_T>C_snv_rc,GTTGTCATTTTATAAACCTTTTAAAAAGATATATATATATGTTTTTCTAATGTGTTAAAGTTCACTGGAACAGAAAGAAATGGATTTATCTGCTCTTCGCGTTGAAGAAGTACAAAATGTCGTTAATGCTATGCAGAAAATCTTAGAGTGTCCGATCTGGTAAGTCAGCACAAGAGTGTATTAATTTGGGATTCCTATGATTATCTCCTATGCAAATGAACAGAATTGACCTTAC
ENST00000357654.9.ENSG00000012048.23_chr17:43124054_T>G_snv_rc,GTTGTCATTTTATAAACCTTTTAAAAAGATATATATATATGTTTTTCTAATGTGTTAAAGTTCACTGGAACAGAAAGAAATGGATTTATCTGCTCTTCGCGTTGAAGAAGTACAAAATGTCCTTAATGCTATGCAGAAAATCTTAGAGTGTCCGATCTGGTAAGTCAGCACAAGAGTGTATTAATTTGGGATTCCTATGATTATCTCCTATGCAAATGAACAGAATTGACCTTAC
ENST00000357654.9.ENSG00000012048.23_chr17:43124055_G>A_snv_rc,GTTGTCATTTTATAAACCTTTTAAAAAGATATATATATATGTTTTTCTAATGTGTTAAAGTTCACTGGAACAGAAAGAAATGGATTTATCTGCTCTTCGCGTTGAAGAAGTACAAAATGTTATTAATGCTATGCAGAAAATCTTAGAGTGTCCGATCTGGTAAGTCAGCACAAGAGTGTATTAATTTGGGATTCCTATGATTATCTCCTATGCAAATGAACAGAATTGACCTTAC
ENST00000357654.9.ENSG00000012048.23_chr17:43124055_G>C_snv_rc,GTTGTCATTTTATAAACCTTTTAAAAAGATATATATATATGTTTTTCTAATGTGTTAAAGTTCACTGGAACAGAAAGAAATGGATTTATCTGCTCTTCGCGTTGAAGAAGTACAAAATGTGATTAATGCTATGCAGAAAATCTTAGAGTGTCCGATCTGGTAAGTCAGCACAAGAGTGTATTAATTTGGGATTCCTATGATTATCTCCTATGCAAATGAACAGAATTGACCTTAC
ENST00000357654.9.ENSG00000012048.23_chr17:43124055_G>T_snv_rc,GTTGTCATTTTATAAACCTTTTAAAAAGATATATATATATGTTTTTCTAATGTGTTAAAGTTCACTGGAACAGAAAGAAATGGATTTATCTGCTCTTCGCGTTGAAGAAGTACAAAATGTAATTAATGCTATGCAGAAAATCTTAGAGTGTCCGATCTGGTAAGTCAGCACAAGAGTGTATTAATTTGGGATTCCTATGATTATCTCCTATGCAAATGAACAGAATTGACCTTAC
ENST00000357654.9.ENSG00000012048.23_chr17:43124056_A>C_snv_rc,GTTGTCATTTTATAAACCTTTTAAAAAGATATATATATATGTTTTTCTAATGTGTTAAAGTTCACTGGAACAGAAAGAAATGGATTTATCTGCTCTTCGCGTTGAAGAAGTACAAAATGGCATTAATGCTATGCAGAAAATCTTAGAGTGTCCGATCTGGTAAGTCAGCACAAGAGTGTATTAATTTGGGATTCCTATGATTATCTCCTATGCAAATGAACAGAATTGACCTTAC
ENST00000357654.9.ENSG00000012048.23_chr17:43124056_A>G_snv_rc,GTTGTCATTTTATAAACCTTTTAAAAAGATATATATATATGTTTTTCTAATGTGTTAAAGTTCACTGGAACAGAAAGAAATGGATTTATCTGCTCTTCGCGTTGAAGAAGTACAAAATGCCATTAATGCTATGCAGAAAATCTTAGAGTGTCCGATCTGGTAAGTCAGCACAAGAGTGTATTAATTTGGGATTCCTATGATTATCTCCTATGCAAATGAACAGAATTGACCTTAC
ENST00000357654.9.ENSG00000012048.23_chr17:43124056_A>T_snv_rc,GTTGTCATTTTATAAACCTTTTAAAAAGATATATATATATGTTTTTCTAATGTGTTAAAGTTCACTGGAACAGAAAGAAATGGATTTATCTGCTCTTCGCGTTGAAGAAGTACAAAATGACATTAATGCTATGCAGAAAATCTTAGAGTGTCCGATCTGGTAAGTCAGCACAAGAGTGTATTAATTTGGGATTCCTATGATTATCTCCTATGCAAATGAACAGAATTGACCTTAC
ENST00000357654.9.ENSG00000012048.23_chr17:43124057_C>A_snv_rc,GTTGTCATTTTATAAACCTTTTAAAAAGATATATATATATGTTTTTCTAATGTGTTAAAGTTCACTGGAACAGAAAGAAATGGATTTATCTGCTCTTCGCGTTGAAGAAGTACAAAATTTCATTAATGCTATGCAGAAAATCTTAGAGTGTCCGATCTGGTAAGTCAGCACAAGAGTGTATTAATTTGGGATTCCTATGATTATCTCCTATGCAAATGAACAGAATTGACCTTAC
ENST00000357654.9.ENSG00000012048.23_chr17:43124057_C>G_snv_rc,GTTGTCATTTTATAAACCTTTTAAAAAGATATATATATATGTTTTTCTAATGTGTTAAAGTTCACTGGAACAGAAAGAAATGGATTTATCTGCTCTTCGCGTTGAAGAAGTACAAAATCTCATTAATGCTATGCAGAAAATCTTAGAGTGTCCGATCTGGTAAGTCAGCACAAGAGTGTATTAATTTGGGATTCCTATGATTATCTCCTATGCAAATGAACAGAATTGACCTTAC
ENST00000357654.9.ENSG00000012048.23_chr17:43124057_C>T_snv_rc,GTTGTCATTTTATAAACCTTTTAAAAAGATATATATATATGTTTTTCTAATGTGTTAAAGTTCACTGGAACAGAAAGAAATGGATTTATCTGCTCTTCGCGTTGAAGAAGTACAAAATATCATTAATGCTATGCAGAAAATCTTAGAGTGTCCGATCTGGTAAGTCAGCACAAGAGTGTATTAATTTGGGATTCCTATGATTATCTCCTATGCAAATGAACAGAATTGACCTTAC
ENST00000357654.9.ENSG00000012048.23_chr17:43124058_A>C_snv_rc,GTTGTCATTTTATAAACCTTTTAAAAAGATATATATATATGTTTTTCTAATGTGTTAAAGTTCACTGGAACAGAAAGAAATGGATTTATCTGCTCTTCGCGTTGAAGAAGTACAAAAGGTCATTAATGCTATGCAGAAAATCTTAGAGTGTCCGATCTGGTAAGTCAGCACAAGAGTGTATTAATTTGGGATTCCTATGATTATCTCCTATGCAAATGAACAGAATTGACCTTAC
ENST00000357654.9.ENSG00000012048.23_chr17:43124058_A>G_snv_rc,GTTGTCATTTTATAAACCTTTTAAAAAGATATATATATATGTTTTTCTAATGTGTTAAAGTTCACTGGAACAGAAAGAAATGGATTTATCTGCTCTTCGCGTTGAAGAAGTACAAAACGTCATTAATGCTATGCAGAAAATCTTAGAGTGTCCGATCTGGTAAGTCAGCACAAGAGTGTATTAATTTGGGATTCCTATGATTATCTCCTATGCAAATGAACAGAATTGACCTTAC
ENST00000357654.9.ENSG00000012048.23_chr17:43124058_A>T_snv_rc,GTTGTCATTTTATAAACCTTTTAAAAAGATATATATATATGTTTTTCTAATGTGTTAAAGTTCACTGGAACAGAAAGAAATGGATTTATCTGCTCTTCGCGTTGAAGAAGTACAAAAAGTCATTAATGCTATGCAGAAAATCTTAGAGTGTCCGATCTGGTAAGTCAGCACAAGAGTGTATTAATTTGGGATTCCTATGATTATCTCCTATGCAAATGAACAGAATTGACCTTAC
ENST00000357654.9.ENSG00000012048.23_chr17:43124059_T>A_snv_rc,GTTGTCATTTTATAAACCTTTTAAAAAGATATATATATATGTTTTTCTAATGTGTTAAAGTTCACTGGAACAGAAAGAAATGGATTTATCTGCTCTTCGCGTTGAAGAAGTACAAATTGTCATTAATGCTATGCAGAAAATCTTAGAGTGTCCGATCTGGTAAGTCAGCACAAGAGTGTATTAATTTGGGATTCCTATGATTATCTCCTATGCAAATGAACAGAATTGACCTTAC
ENST00000357654.9.ENSG00000012048.23_chr17:43124059_T>C_snv_rc,GTTGTCATTTTATAAACCTTTTAAAAAGATATATATATATGTTTTTCTAATGTGTTAAAGTTCACTGGAACAGAAAGAAATGGATTTATCTGCTCTTCGCGTTGAAGAAGTACAAAGTGTCATTAATGCTATGCAGAAAATCTTAGAGTGTCCGATCTGGTAAGTCAGCACAAGAGTGTATTAATTTGGGATTCCTATGATTATCTCCTATGCAAATGAACAGAATTGACCTTAC
ENST00000357654.9.ENSG00000012048.23_chr17:43124059_T>G_snv_rc,GTTGTCATTTTATAAACCTTTTAAAAAGATATATATATATGTTTTTCTAATGTGTTAAAGTTCACTGGAACAGAAAGAAATGGATTTATCTGCTCTTCGCGTTGAAGAAGTACAAACTGTCATTAATGCTATGCAGAAAATCTTAGAGTGTCCGATCTGGTAAGTCAGCACAAGAGTGTATTAATTTGGGATTCCTATGATTATCTCCTATGCAAATGAACAGAATTGACCTTAC
ENST00000357654.9.ENSG00000012048.23_chr17:43124060_T>A_snv_rc,GTTGTCATTTTATAAACCTTTTAAAAAGATATATATATATGTTTTTCTAATGTGTTAAAGTTCACTGGAACAGAAAGAAATGGATTTATCTGCTCTTCGCGTTGAAGAAGTACAATATGTCATTAATGCTATGCAGAAAATCTTAGAGTGTCCGATCTGGTAAGTCAGCACAAGAGTGTATTAATTTGGGATTCCTATGATTATCTCCTATGCAAATGAACAGAATTGACCTTAC
ENST00000357654.9.ENSG00000012048.23_chr17:43124060_T>C_snv_rc,GTTGTCATTTTATAAACCTTTTAAAAAGATATATATATATGTTTTTCTAATGTGTTAAAGTTCACTGGAACAGAAAGAAATGGATTTATCTGCTCTTCGCGTTGAAGAAGTACAAGATGTCATTAATGCTATGCAGAAAATCTTAGAGTGTCCGATCTGGTAAGTCAGCACAAGAGTGTATTAATTTGGGATTCCTATGATTATCTCCTATGCAAATGAACAGAATTGACCTTAC
ENST00000357654.9.ENSG00000012048.23_chr17:43124060_T>G_snv_rc,GTTGTCATTTTATAAACCTTTTAAAAAGATATATATATATGTTTTTCTAATGTGTTAAAGTTCACTGGAACAGAAAGAAATGGATTTATCTGCTCTTCGCGTTGAAGAAGTACAACATGTCATTAATGCTATGCAGAAAATCTTAGAGTGTCCGATCTGGTAAGTCAGCACAAGAGTGTATTAATTTGGGATTCCTATGATTATCTCCTATGCAAATGAACAGAATTGACCTTAC
ENST00000357654.9.ENSG00000012048.23_chr17:43124061_T>A_snv_rc,GTTGTCATTTTATAAACCTTTTAAAAAGATATATATATATGTTTTTCTAATGTGTTAAAGTTCACTGGAACAGAAAGAAATGGATTTATCTGCTCTTCGCGTTGAAGAAGTACATAATGTCATTAATGCTATGCAGAAAATCTTAGAGTGTCCGATCTGGTAAGTCAGCACAAGAGTGTATTAATTTGGGATTCCTATGATTATCTCCTATGCAAATGAACAGAATTGACCTTAC
ENST00000357654.9.ENSG00000012048.23_chr17:43124061_T>C_snv_rc,GTTGTCATTTTATAAACCTTTTAAAAAGATATATATATATGTTTTTCTAATGTGTTAAAGTTCACTGGAACAGAAAGAAATGGATTTATCTGCTCTTCGCGTTGAAGAAGTACAGAATGTCATTAATGCTATGCAGAAAATCTTAGAGTGTCCGATCTGGTAAGTCAGCACAAGAGTGTATTAATTTGGGATTCCTATGATTATCTCCTATGCAAATGAACAGAATTGACCTTAC
ENST00000357654.9.ENSG00000012048.23_chr17:43124061_T>G_snv_rc,GTTGTCATTTTATAAACCTTTTAAAAAGATATATATATATGTTTTTCTAATGTGTTAAAGTTCACTGGAACAGAAAGAAATGGATTTATCTGCTCTTCGCGTTGAAGAAGTACACAATGTCATTAATGCTATGCAGAAAATCTTAGAGTGTCCGATCTGGTAAGTCAGCACAAGAGTGTATTAATTTGGGATTCCTATGATTATCTCCTATGCAAATGAACAGAATTGACCTTAC
ENST00000357654.9.ENSG00000012048.23_chr17:43124062_T>A_snv_rc,GTTGTCATTTTATAAACCTTTTAAAAAGATATATATATATGTTTTTCTAATGTGTTAAAGTTCACTGGAACAGAAAGAAATGGATTTATCTGCTCTTCGCGTTGAAGAAGTACTAAATGTCATTAATGCTATGCAGAAAATCTTAGAGTGTCCGATCTGGTAAGTCAGCACAAGAGTGTATTAATTTGGGATTCCTATGATTATCTCCTATGCAAATGAACAGAATTGACCTTAC
ENST00000357654.9.ENSG00000012048.23_chr17:43124062_T>C_snv_rc,GTTGTCATTTTATAAACCTTTTAAAAAGATATATATATATGTTTTTCTAATGTGTTAAAGTTCACTGGAACAGAAAGAAATGGATTTATCTGCTCTTCGCGTTGAAGAAGTACGAAATGTCATTAATGCTATGCAGAAAATCTTAGAGTGTCCGATCTGGTAAGTCAGCACAAGAGTGTATTAATTTGGGATTCCTATGATTATCTCCTATGCAAATGAACAGAATTGACCTTAC
ENST00000357654.9.ENSG00000012048.23_chr17:43124062_T>G_snv_rc,GTTGTCATTTTATAAACCTTTTAAAAAGATATATATATATGTTTTTCTAATGTGTTAAAGTTCACTGGAACAGAAAGAAATGGATTTATCTGCTCTTCGCGTTGAAGAAGTACCAAATGTCATTAATGCTATGCAGAAAATCTTAGAGTGTCCGATCTGGTAAGTCAGCACAAGAGTGTATTAATTTGGGATTCCTATGATTATCTCCTATGCAAATGAACAGAATTGACCTTAC
ENST00000357654.9.ENSG00000012048.23_chr17:43124063_G>A_snv_rc,GTTGTCATTTTATAAACCTTTTAAAAAGATATATATATATGTTTTTCTAATGTGTTAAAGTTCACTGGAACAGAAAGAAATGGATTTATCTGCTCTTCGCGTTGAAGAAGTATAAAATGTCATTAATGCTATGCAGAAAATCTTAGAGTGTCCGATCTGGTAAGTCAGCACAAGAGTGTATTAATTTGGGATTCCTATGATTATCTCCTATGCAAATGAACAGAATTGACCTTAC
ENST00000357654.9.ENSG00000012048.23_chr17:43124063_G>C_snv_rc,GTTGTCATTTTATAAACCTTTTAAAAAGATATATATATATGTTTTTCTAATGTGTTAAAGTTCACTGGAACAGAAAGAAATGGATTTATCTGCTCTTCGCGTTGAAGAAGTAGAAAATGTCATTAATGCTATGCAGAAAATCTTAGAGTGTCCGATCTGGTAAGTCAGCACAAGAGTGTATTAATTTGGGATTCCTATGATTATCTCCTATGCAAATGAACAGAATTGACCTTAC
ENST00000357654.9.ENSG00000012048.23_chr17:43124063_G>T_snv_rc,GTTGTCATTTTATAAACCTTTTAAAAAGATATATATATATGTTTTTCTAATGTGTTAAAGTTCACTGGAACAGAAAGAAATGGATTTATCTGCTCTTCGCGTTGAAGAAGTAAAAAATGTCATTAATGCTATGCAGAAAATCTTAGAGTGTCCGATCTGGTAAGTCAGCACAAGAGTGTATTAATTTGGGATTCCTATGATTATCTCCTATGCAAATGAACAGAATTGACCTTAC
ENST00000357654.9.ENSG00000012048.23_chr17:43124064_T>A_snv_rc,GTTGTCATTTTATAAACCTTTTAAAAAGATATATATATATGTTTTTCTAATGTGTTAAAGTTCACTGGAACAGAAAGAAATGGATTTATCTGCTCTTCGCGTTGAAGAAGTTCAAAATGTCATTAATGCTATGCAGAAAATCTTAGAGTGTCCGATCTGGTAAGTCAGCACAAGAGTGTATTAATTTGGGATTCCTATGATTATCTCCTATGCAAATGAACAGAATTGACCTTAC
ENST00000357654.9.ENSG00000012048.23_chr17:43124064_T>C_snv_rc,GTTGTCATTTTATAAACCTTTTAAAAAGATATATATATATGTTTTTCTAATGTGTTAAAGTTCACTGGAACAGAAAGAAATGGATTTATCTGCTCTTCGCGTTGAAGAAGTGCAAAATGTCATTAATGCTATGCAGAAAATCTTAGAGTGTCCGATCTGGTAAGTCAGCACAAGAGTGTATTAATTTGGGATTCCTATGATTATCTCCTATGCAAATGAACAGAATTGACCTTAC
ENST00000357654.9.ENSG00000012048.23_chr17:43124064_T>G_snv_rc,GTTGTCATTTTATAAACCTTTTAAAAAGATATATATATATGTTTTTCTAATGTGTTAAAGTTCACTGGAACAGAAAGAAATGGATTTATCTGCTCTTCGCGTTGAAGAAGTCCAAAATGTCATTAATGCTATGCAGAAAATCTTAGAGTGTCCGATCTGGTAAGTCAGCACAAGAGTGTATTAATTTGGGATTCCTATGATTATCTCCTATGCAAATGAACAGAATTGACCTTAC
ENST00000357654.9.ENSG00000012048.23_chr17:43124065_A>C_snv_rc,GTTGTCATTTTATAAACCTTTTAAAAAGATATATATATATGTTTTTCTAATGTGTTAAAGTTCACTGGAACAGAAAGAAATGGATTTATCTGCTCTTCGCGTTGAAGAAGGACAAAATGTCATTAATGCTATGCAGAAAATCTTAGAGTGTCCGATCTGGTAAGTCAGCACAAGAGTGTATTAATTTGGGATTCCTATGATTATCTCCTATGCAAATGAACAGAATTGACCTTAC
ENST00000357654.9.ENSG00000012048.23_chr17:43124065_A>G_snv_rc,GTTGTCATTTTATAAACCTTTTAAAAAGATATATATATATGTTTTTCTAATGTGTTAAAGTTCACTGGAACAGAAAGAAATGGATTTATCTGCTCTTCGCGTTGAAGAAGCACAAAATGTCATTAATGCTATGCAGAAAATCTTAGAGTGTCCGATCTGGTAAGTCAGCACAAGAGTGTATTAATTTGGGATTCCTATGATTATCTCCTATGCAAATGAACAGAATTGACCTTAC
ENST00000357654.9.ENSG00000012048.23_chr17:43124065_A>T_snv_rc,GTTGTCATTTTATAAACCTTTTAAAAAGATATATATATATGTTTTTCTAATGTGTTAAAGTTCACTGGAACAGAAAGAAATGGATTTATCTGCTCTTCGCGTTGAAGAAGAACAAAATGTCATTAATGCTATGCAGAAAATCTTAGAGTGTCCGATCTGGTAAGTCAGCACAAGAGTGTATTAATTTGGGATTCCTATGATTATCTCCTATGCAAATGAACAGAATTGACCTTAC
ENST00000357654.9.ENSG00000012048.23_chr17:43124066_C>A_snv_rc,GTTGTCATTTTATAAACCTTTTAAAAAGATATATATATATGTTTTTCTAATGTGTTAAAGTTCACTGGAACAGAAAGAAATGGATTTATCTGCTCTTCGCGTTGAAGAATTACAAAATGTCATTAATGCTATGCAGAAAATCTTAGAGTGTCCGATCTGGTAAGTCAGCACAAGAGTGTATTAATTTGGGATTCCTATGATTATCTCCTATGCAAATGAACAGAATTGACCTTAC
ENST00000357654.9.ENSG00000012048.23_chr17:43124066_C>G_snv_rc,GTTGTCATTTTATAAACCTTTTAAAAAGATATATATATATGTTTTTCTAATGTGTTAAAGTTCACTGGAACAGAAAGAAATGGATTTATCTGCTCTTCGCGTTGAAGAACTACAAAATGTCATTAATGCTATGCAGAAAATCTTAGAGTGTCCGATCTGGTAAGTCAGCACAAGAGTGTATTAATTTGGGATTCCTATGATTATCTCCTATGCAAATGAACAGAATTGACCTTAC
ENST00000357654.9.ENSG00000012048.23_chr17:43124066_C>T_snv_rc,GTTGTCATTTTATAAACCTTTTAAAAAGATATATATATATGTTTTTCTAATGTGTTAAAGTTCACTGGAACAGAAAGAAATGGATTTATCTGCTCTTCGCGTTGAAGAAATACAAAATGTCATTAATGCTATGCAGAAAATCTTAGAGTGTCCGATCTGGTAAGTCAGCACAAGAGTGTATTAATTTGGGATTCCTATGATTATCTCCTATGCAAATGAACAGAATTGACCTTAC
ENST00000357654.9.ENSG00000012048.23_chr17:43124067_T>A_snv_rc,GTTGTCATTTTATAAACCTTTTAAAAAGATATATATATATGTTTTTCTAATGTGTTAAAGTTCACTGGAACAGAAAGAAATGGATTTATCTGCTCTTCGCGTTGAAGATGTACAAAATGTCATTAATGCTATGCAGAAAATCTTAGAGTGTCCGATCTGGTAAGTCAGCACAAGAGTGTATTAATTTGGGATTCCTATGATTATCTCCTATGCAAATGAACAGAATTGACCTTAC
ENST00000357654.9.ENSG00000012048.23_chr17:43124067_T>C_snv_rc,GTTGTCATTTTATAAACCTTTTAAAAAGATATATATATATGTTTTTCTAATGTGTTAAAGTTCACTGGAACAGAAAGAAATGGATTTATCTGCTCTTCGCGTTGAAGAGGTACAAAATGTCATTAATGCTATGCAGAAAATCTTAGAGTGTCCGATCTGGTAAGTCAGCACAAGAGTGTATTAATTTGGGATTCCTATGATTATCTCCTATGCAAATGAACAGAATTGACCTTAC
ENST00000357654.9.ENSG00000012048.23_chr17:43124067_T>G_snv_rc,GTTGTCATTTTATAAACCTTTTAAAAAGATATATATATATGTTTTTCTAATGTGTTAAAGTTCACTGGAACAGAAAGAAATGGATTTATCTGCTCTTCGCGTTGAAGACGTACAAAATGTCATTAATGCTATGCAGAAAATCTTAGAGTGTCCGATCTGGTAAGTCAGCACAAGAGTGTATTAATTTGGGATTCCTATGATTATCTCCTATGCAAATGAACAGAATTGACCTTAC
ENST00000357654.9.ENSG00000012048.23_chr17:43124068_T>A_snv_rc,GTTGTCATTTTATAAACCTTTTAAAAAGATATATATATATGTTTTTCTAATGTGTTAAAGTTCACTGGAACAGAAAGAAATGGATTTATCTGCTCTTCGCGTTGAAGTAGTACAAAATGTCATTAATGCTATGCAGAAAATCTTAGAGTGTCCGATCTGGTAAGTCAGCACAAGAGTGTATTAATTTGGGATTCCTATGATTATCTCCTATGCAAATGAACAGAATTGACCTTAC
ENST00000357654.9.ENSG00000012048.23_chr17:43124068_T>C_snv_rc,GTTGTCATTTTATAAACCTTTTAAAAAGATATATATATATGTTTTTCTAATGTGTTAAAGTTCACTGGAACAGAAAGAAATGGATTTATCTGCTCTTCGCGTTGAAGGAGTACAAAATGTCATTAATGCTATGCAGAAAATCTTAGAGTGTCCGATCTGGTAAGTCAGCACAAGAGTGTATTAATTTGGGATTCCTATGATTATCTCCTATGCAAATGAACAGAATTGACCTTAC
ENST00000357654.9.ENSG00000012048.23_chr17:43124068_T>G_snv_rc,GTTGTCATTTTATAAACCTTTTAAAAAGATATATATATATGTTTTTCTAATGTGTTAAAGTTCACTGGAACAGAAAGAAATGGATTTATCTGCTCTTCGCGTTGAAGCAGTACAAAATGTCATTAATGCTATGCAGAAAATCTTAGAGTGTCCGATCTGGTAAGTCAGCACAAGAGTGTATTAATTTGGGATTCCTATGATTATCTCCTATGCAAATGAACAGAATTGACCTTAC
ENST00000357654.9.ENSG00000012048.23_chr17:43124069_C>A_snv_rc,GTTGTCATTTTATAAACCTTTTAAAAAGATATATATATATGTTTTTCTAATGTGTTAAAGTTCACTGGAACAGAAAGAAATGGATTTATCTGCTCTTCGCGTTGAATAAGTACAAAATGTCATTAATGCTATGCAGAAAATCTTAGAGTGTCCGATCTGGTAAGTCAGCACAAGAGTGTATTAATTTGGGATTCCTATGATTATCTCCTATGCAAATGAACAGAATTGACCTTAC
ENST00000357654.9.ENSG00000012048.23_chr17:43124069_C>G_snv_rc,GTTGTCATTTTATAAACCTTTTAAAAAGATATATATATATGTTTTTCTAATGTGTTAAAGTTCACTGGAACAGAAAGAAATGGATTTATCTGCTCTTCGCGTTGAACAAGTACAAAATGTCATTAATGCTATGCAGAAAATCTTAGAGTGTCCGATCTGGTAAGTCAGCACAAGAGTGTATTAATTTGGGATTCCTATGATTATCTCCTATGCAAATGAACAGAATTGACCTTAC
ENST00000357654.9.ENSG00000012048.23_chr17:43124069_C>T_snv_rc,GTTGTCATTTTATAAACCTTTTAAAAAGATATATATATATGTTTTTCTAATGTGTTAAAGTTCACTGGAACAGAAAGAAATGGATTTATCTGCTCTTCGCGTTGAAAAAGTACAAAATGTCATTAATGCTATGCAGAAAATCTTAGAGTGTCCGATCTGGTAAGTCAGCACAAGAGTGTATTAATTTGGGATTCCTATGATTATCTCCTATGCAAATGAACAGAATTGACCTTAC
ENST00000357654.9.ENSG00000012048.23_chr17:43124070_T>A_snv_rc,GTTGTCATTTTATAAACCTTTTAAAAAGATATATATATATGTTTTTCTAATGTGTTAAAGTTCACTGGAACAGAAAGAAATGGATTTATCTGCTCTTCGCGTTGATGAAGTACAAAATGTCATTAATGCTATGCAGAAAATCTTAGAGTGTCCGATCTGGTAAGTCAGCACAAGAGTGTATTAATTTGGGATTCCTATGATTATCTCCTATGCAAATGAACAGAATTGACCTTAC
ENST00000357654.9.ENSG00000012048.23_chr17:43124070_T>C_snv_rc,GTTGTCATTTTATAAACCTTTTAAAAAGATATATATATATGTTTTTCTAATGTGTTAAAGTTCACTGGAACAGAAAGAAATGGATTTATCTGCTCTTCGCGTTGAGGAAGTACAAAATGTCATTAATGCTATGCAGAAAATCTTAGAGTGTCCGATCTGGTAAGTCAGCACAAGAGTGTATTAATTTGGGATTCCTATGATTATCTCCTATGCAAATGAACAGAATTGACCTTAC
ENST00000357654.9.ENSG00000012048.23_chr17:43124070_T>G_snv_rc,GTTGTCATTTTATAAACCTTTTAAAAAGATATATATATATGTTTTTCTAATGTGTTAAAGTTCACTGGAACAGAAAGAAATGGATTTATCTGCTCTTCGCGTTGACGAAGTACAAAATGTCATTAATGCTATGCAGAAAATCTTAGAGTGTCCGATCTGGTAAGTCAGCACAAGAGTGTATTAATTTGGGATTCCTATGATTATCTCCTATGCAAATGAACAGAATTGACCTTAC
ENST00000357654.9.ENSG00000012048.23_chr17:43124071_T>A_snv_rc,GTTGTCATTTTATAAACCTTTTAAAAAGATATATATATATGTTTTTCTAATGTGTTAAAGTTCACTGGAACAGAAAGAAATGGATTTATCTGCTCTTCGCGTTGTAGAAGTACAAAATGTCATTAATGCTATGCAGAAAATCTTAGAGTGTCCGATCTGGTAAGTCAGCACAAGAGTGTATTAATTTGGGATTCCTATGATTATCTCCTATGCAAATGAACAGAATTGACCTTAC
ENST00000357654.9.ENSG00000012048.23_chr17:43124071_T>C_snv_rc,GTTGTCATTTTATAAACCTTTTAAAAAGATATATATATATGTTTTTCTAATGTGTTAAAGTTCACTGGAACAGAAAGAAATGGATTTATCTGCTCTTCGCGTTGGAGAAGTACAAAATGTCATTAATGCTATGCAGAAAATCTTAGAGTGTCCGATCTGGTAAGTCAGCACAAGAGTGTATTAATTTGGGATTCCTATGATTATCTCCTATGCAAATGAACAGAATTGACCTTAC
ENST00000357654.9.ENSG00000012048.23_chr17:43124071_T>G_snv_rc,GTTGTCATTTTATAAACCTTTTAAAAAGATATATATATATGTTTTTCTAATGTGTTAAAGTTCACTGGAACAGAAAGAAATGGATTTATCTGCTCTTCGCGTTGCAGAAGTACAAAATGTCATTAATGCTATGCAGAAAATCTTAGAGTGTCCGATCTGGTAAGTCAGCACAAGAGTGTATTAATTTGGGATTCCTATGATTATCTCCTATGCAAATGAACAGAATTGACCTTAC
ENST00000357654.9.ENSG00000012048.23_chr17:43124072_C>A_snv_rc,GTTGTCATTTTATAAACCTTTTAAAAAGATATATATATATGTTTTTCTAATGTGTTAAAGTTCACTGGAACAGAAAGAAATGGATTTATCTGCTCTTCGCGTTTAAGAAGTACAAAATGTCATTAATGCTATGCAGAAAATCTTAGAGTGTCCGATCTGGTAAGTCAGCACAAGAGTGTATTAATTTGGGATTCCTATGATTATCTCCTATGCAAATGAACAGAATTGACCTTAC
ENST00000357654.9.ENSG00000012048.23_chr17:43124072_C>G_snv_rc,GTTGTCATTTTATAAACCTTTTAAAAAGATATATATATATGTTTTTCTAATGTGTTAAAGTTCACTGGAACAGAAAGAAATGGATTTATCTGCTCTTCGCGTTCAAGAAGTACAAAATGTCATTAATGCTATGCAGAAAATCTTAGAGTGTCCGATCTGGTAAGTCAGCACAAGAGTGTATTAATTTGGGATTCCTATGATTATCTCCTATGCAAATGAACAGAATTGACCTTAC
ENST00000357654.9.ENSG00000012048.23_chr17:43124072_C>T_snv_rc,GTTGTCATTTTATAAACCTTTTAAAAAGATATATATATATGTTTTTCTAATGTGTTAAAGTTCACTGGAACAGAAAGAAATGGATTTATCTGCTCTTCGCGTTAAAGAAGTACAAAATGTCATTAATGCTATGCAGAAAATCTTAGAGTGTCCGATCTGGTAAGTCAGCACAAGAGTGTATTAATTTGGGATTCCTATGATTATCTCCTATGCAAATGAACAGAATTGACCTTAC
ENST00000357654.9.ENSG00000012048.23_chr17:43124073_A>C_snv_rc,GTTGTCATTTTATAAACCTTTTAAAAAGATATATATATATGTTTTTCTAATGTGTTAAAGTTCACTGGAACAGAAAGAAATGGATTTATCTGCTCTTCGCGTGGAAGAAGTACAAAATGTCATTAATGCTATGCAGAAAATCTTAGAGTGTCCGATCTGGTAAGTCAGCACAAGAGTGTATTAATTTGGGATTCCTATGATTATCTCCTATGCAAATGAACAGAATTGACCTTAC
ENST00000357654.9.ENSG00000012048.23_chr17:43124073_A>G_snv_rc,GTTGTCATTTTATAAACCTTTTAAAAAGATATATATATATGTTTTTCTAATGTGTTAAAGTTCACTGGAACAGAAAGAAATGGATTTATCTGCTCTTCGCGTCGAAGAAGTACAAAATGTCATTAATGCTATGCAGAAAATCTTAGAGTGTCCGATCTGGTAAGTCAGCACAAGAGTGTATTAATTTGGGATTCCTATGATTATCTCCTATGCAAATGAACAGAATTGACCTTAC
ENST00000357654.9.ENSG00000012048.23_chr17:43124073_A>T_snv_rc,GTTGTCATTTTATAAACCTTTTAAAAAGATATATATATATGTTTTTCTAATGTGTTAAAGTTCACTGGAACAGAAAGAAATGGATTTATCTGCTCTTCGCGTAGAAGAAGTACAAAATGTCATTAATGCTATGCAGAAAATCTTAGAGTGTCCGATCTGGTAAGTCAGCACAAGAGTGTATTAATTTGGGATTCCTATGATTATCTCCTATGCAAATGAACAGAATTGACCTTAC
ENST00000357654.9.ENSG00000012048.23_chr17:43124074_A>C_snv_rc,GTTGTCATTTTATAAACCTTTTAAAAAGATATATATATATGTTTTTCTAATGTGTTAAAGTTCACTGGAACAGAAAGAAATGGATTTATCTGCTCTTCGCGGTGAAGAAGTACAAAATGTCATTAATGCTATGCAGAAAATCTTAGAGTGTCCGATCTGGTAAGTCAGCACAAGAGTGTATTAATTTGGGATTCCTATGATTATCTCCTATGCAAATGAACAGAATTGACCTTAC
ENST00000357654.9.ENSG00000012048.23_chr17:43124074_A>G_snv_rc,GTTGTCATTTTATAAACCTTTTAAAAAGATATATATATATGTTTTTCTAATGTGTTAAAGTTCACTGGAACAGAAAGAAATGGATTTATCTGCTCTTCGCGCTGAAGAAGTACAAAATGTCATTAATGCTATGCAGAAAATCTTAGAGTGTCCGATCTGGTAAGTCAGCACAAGAGTGTATTAATTTGGGATTCCTATGATTATCTCCTATGCAAATGAACAGAATTGACCTTAC
ENST00000357654.9.ENSG00000012048.23_chr17:43124074_A>T_snv_rc,GTTGTCATTTTATAAACCTTTTAAAAAGATATATATATATGTTTTTCTAATGTGTTAAAGTTCACTGGAACAGAAAGAAATGGATTTATCTGCTCTTCGCGATGAAGAAGTACAAAATGTCATTAATGCTATGCAGAAAATCTTAGAGTGTCCGATCTGGTAAGTCAGCACAAGAGTGTATTAATTTGGGATTCCTATGATTATCTCCTATGCAAATGAACAGAATTGACCTTAC
ENST00000357654.9.ENSG00000012048.23_chr17:43124075_C>A_snv_rc,GTTGTCATTTTATAAACCTTTTAAAAAGATATATATATATGTTTTTCTAATGTGTTAAAGTTCACTGGAACAGAAAGAAATGGATTTATCTGCTCTTCGCTTTGAAGAAGTACAAAATGTCATTAATGCTATGCAGAAAATCTTAGAGTGTCCGATCTGGTAAGTCAGCACAAGAGTGTATTAATTTGGGATTCCTATGATTATCTCCTATGCAAATGAACAGAATTGACCTTAC
ENST00000357654.9.ENSG00000012048.23_chr17:43124075_C>G_snv_rc,GTTGTCATTTTATAAACCTTTTAAAAAGATATATATATATGTTTTTCTAATGTGTTAAAGTTCACTGGAACAGAAAGAAATGGATTTATCTGCTCTTCGCCTTGAAGAAGTACAAAATGTCATTAATGCTATGCAGAAAATCTTAGAGTGTCCGATCTGGTAAGTCAGCACAAGAGTGTATTAATTTGGGATTCCTATGATTATCTCCTATGCAAATGAACAGAATTGACCTTAC
ENST00000357654.9.ENSG00000012048.23_chr17:43124075_C>T_snv_rc,GTTGTCATTTTATAAACCTTTTAAAAAGATATATATATATGTTTTTCTAATGTGTTAAAGTTCACTGGAACAGAAAGAAATGGATTTATCTGCTCTTCGCATTGAAGAAGTACAAAATGTCATTAATGCTATGCAGAAAATCTTAGAGTGTCCGATCTGGTAAGTCAGCACAAGAGTGTATTAATTTGGGATTCCTATGATTATCTCCTATGCAAATGAACAGAATTGACCTTAC
ENST00000357654.9.ENSG00000012048.23_chr17:43124076_G>A_snv_rc,GTTGTCATTTTATAAACCTTTTAAAAAGATATATATATATGTTTTTCTAATGTGTTAAAGTTCACTGGAACAGAAAGAAATGGATTTATCTGCTCTTCGTGTTGAAGAAGTACAAAATGTCATTAATGCTATGCAGAAAATCTTAGAGTGTCCGATCTGGTAAGTCAGCACAAGAGTGTATTAATTTGGGATTCCTATGATTATCTCCTATGCAAATGAACAGAATTGACCTTAC
ENST00000357654.9.ENSG00000012048.23_chr17:43124076_G>C_snv_rc,GTTGTCATTTTATAAACCTTTTAAAAAGATATATATATATGTTTTTCTAATGTGTTAAAGTTCACTGGAACAGAAAGAAATGGATTTATCTGCTCTTCGGGTTGAAGAAGTACAAAATGTCATTAATGCTATGCAGAAAATCTTAGAGTGTCCGATCTGGTAAGTCAGCACAAGAGTGTATTAATTTGGGATTCCTATGATTATCTCCTATGCAAATGAACAGAATTGACCTTAC
ENST00000357654.9.ENSG00000012048.23_chr17:43124076_G>T_snv_rc,GTTGTCATTTTATAAACCTTTTAAAAAGATATATATATATGTTTTTCTAATGTGTTAAAGTTCACTGGAACAGAAAGAAATGGATTTATCTGCTCTTCGAGTTGAAGAAGTACAAAATGTCATTAATGCTATGCAGAAAATCTTAGAGTGTCCGATCTGGTAAGTCAGCACAAGAGTGTATTAATTTGGGATTCCTATGATTATCTCCTATGCAAATGAACAGAATTGACCTTAC
ENST00000357654.9.ENSG00000012048.23_chr17:43124077_C>A_snv_rc,GTTGTCATTTTATAAACCTTTTAAAAAGATATATATATATGTTTTTCTAATGTGTTAAAGTTCACTGGAACAGAAAGAAATGGATTTATCTGCTCTTCTCGTTGAAGAAGTACAAAATGTCATTAATGCTATGCAGAAAATCTTAGAGTGTCCGATCTGGTAAGTCAGCACAAGAGTGTATTAATTTGGGATTCCTATGATTATCTCCTATGCAAATGAACAGAATTGACCTTAC
ENST00000357654.9.ENSG00000012048.23_chr17:43124077_C>G_snv_rc,GTTGTCATTTTATAAACCTTTTAAAAAGATATATATATATGTTTTTCTAATGTGTTAAAGTTCACTGGAACAGAAAGAAATGGATTTATCTGCTCTTCCCGTTGAAGAAGTACAAAATGTCATTAATGCTATGCAGAAAATCTTAGAGTGTCCGATCTGGTAAGTCAGCACAAGAGTGTATTAATTTGGGATTCCTATGATTATCTCCTATGCAAATGAACAGAATTGACCTTAC
ENST00000357654.9.ENSG00000012048.23_chr17:43124077_C>T_snv_rc,GTTGTCATTTTATAAACCTTTTAAAAAGATATATATATATGTTTTTCTAATGTGTTAAAGTTCACTGGAACAGAAAGAAATGGATTTATCTGCTCTTCACGTTGAAGAAGTACAAAATGTCATTAATGCTATGCAGAAAATCTTAGAGTGTCCGATCTGGTAAGTCAGCACAAGAGTGTATTAATTTGGGATTCCTATGATTATCTCCTATGCAAATGAACAGAATTGACCTTAC
ENST00000357654.9.ENSG00000012048.23_chr17:43124078_G>A_snv_rc,GTTGTCATTTTATAAACCTTTTAAAAAGATATATATATATGTTTTTCTAATGTGTTAAAGTTCACTGGAACAGAAAGAAATGGATTTATCTGCTCTTTGCGTTGAAGAAGTACAAAATGTCATTAATGCTATGCAGAAAATCTTAGAGTGTCCGATCTGGTAAGTCAGCACAAGAGTGTATTAATTTGGGATTCCTATGATTATCTCCTATGCAAATGAACAGAATTGACCTTAC
ENST00000357654.9.ENSG00000012048.23_chr17:43124078_G>C_snv_rc,GTTGTCATTTTATAAACCTTTTAAAAAGATATATATATATGTTTTTCTAATGTGTTAAAGTTCACTGGAACAGAAAGAAATGGATTTATCTGCTCTTGGCGTTGAAGAAGTACAAAATGTCATTAATGCTATGCAGAAAATCTTAGAGTGTCCGATCTGGTAAGTCAGCACAAGAGTGTATTAATTTGGGATTCCTATGATTATCTCCTATGCAAATGAACAGAATTGACCTTAC
ENST00000357654.9.ENSG00000012048.23_chr17:43124078_G>T_snv_rc,GTTGTCATTTTATAAACCTTTTAAAAAGATATATATATATGTTTTTCTAATGTGTTAAAGTTCACTGGAACAGAAAGAAATGGATTTATCTGCTCTTAGCGTTGAAGAAGTACAAAATGTCATTAATGCTATGCAGAAAATCTTAGAGTGTCCGATCTGGTAAGTCAGCACAAGAGTGTATTAATTTGGGATTCCTATGATTATCTCCTATGCAAATGAACAGAATTGACCTTAC
ENST00000357654.9.ENSG00000012048.23_chr17:43124079_A>C_snv_rc,GTTGTCATTTTATAAACCTTTTAAAAAGATATATATATATGTTTTTCTAATGTGTTAAAGTTCACTGGAACAGAAAGAAATGGATTTATCTGCTCTGCGCGTTGAAGAAGTACAAAATGTCATTAATGCTATGCAGAAAATCTTAGAGTGTCCGATCTGGTAAGTCAGCACAAGAGTGTATTAATTTGGGATTCCTATGATTATCTCCTATGCAAATGAACAGAATTGACCTTAC
ENST00000357654.9.ENSG00000012048.23_chr17:43124079_A>G_snv_rc,GTTGTCATTTTATAAACCTTTTAAAAAGATATATATATATGTTTTTCTAATGTGTTAAAGTTCACTGGAACAGAAAGAAATGGATTTATCTGCTCTCCGCGTTGAAGAAGTACAAAATGTCATTAATGCTATGCAGAAAATCTTAGAGTGTCCGATCTGGTAAGTCAGCACAAGAGTGTATTAATTTGGGATTCCTATGATTATCTCCTATGCAAATGAACAGAATTGACCTTAC
ENST00000357654.9.ENSG00000012048.23_chr17:43124079_A>T_snv_rc,GTTGTCATTTTATAAACCTTTTAAAAAGATATATATATATGTTTTTCTAATGTGTTAAAGTTCACTGGAACAGAAAGAAATGGATTTATCTGCTCTACGCGTTGAAGAAGTACAAAATGTCATTAATGCTATGCAGAAAATCTTAGAGTGTCCGATCTGGTAAGTCAGCACAAGAGTGTATTAATTTGGGATTCCTATGATTATCTCCTATGCAAATGAACAGAATTGACCTTAC
ENST00000357654.9.ENSG00000012048.23_chr17:43124080_A>C_snv_rc,GTTGTCATTTTATAAACCTTTTAAAAAGATATATATATATGTTTTTCTAATGTGTTAAAGTTCACTGGAACAGAAAGAAATGGATTTATCTGCTCGTCGCGTTGAAGAAGTACAAAATGTCATTAATGCTATGCAGAAAATCTTAGAGTGTCCGATCTGGTAAGTCAGCACAAGAGTGTATTAATTTGGGATTCCTATGATTATCTCCTATGCAAATGAACAGAATTGACCTTAC
ENST00000357654.9.ENSG00000012048.23_chr17:43124080_A>G_snv_rc,GTTGTCATTTTATAAACCTTTTAAAAAGATATATATATATGTTTTTCTAATGTGTTAAAGTTCACTGGAACAGAAAGAAATGGATTTATCTGCTCCTCGCGTTGAAGAAGTACAAAATGTCATTAATGCTATGCAGAAAATCTTAGAGTGTCCGATCTGGTAAGTCAGCACAAGAGTGTATTAATTTGGGATTCCTATGATTATCTCCTATGCAAATGAACAGAATTGACCTTAC
ENST00000357654.9.ENSG00000012048.23_chr17:43124080_A>T_snv_rc,GTTGTCATTTTATAAACCTTTTAAAAAGATATATATATATGTTTTTCTAATGTGTTAAAGTTCACTGGAACAGAAAGAAATGGATTTATCTGCTCATCGCGTTGAAGAAGTACAAAATGTCATTAATGCTATGCAGAAAATCTTAGAGTGTCCGATCTGGTAAGTCAGCACAAGAGTGTATTAATTTGGGATTCCTATGATTATCTCCTATGCAAATGAACAGAATTGACCTTAC
ENST00000357654.9.ENSG00000012048.23_chr17:43124081_G>A_snv_rc,GTTGTCATTTTATAAACCTTTTAAAAAGATATATATATATGTTTTTCTAATGTGTTAAAGTTCACTGGAACAGAAAGAAATGGATTTATCTGCTTTTCGCGTTGAAGAAGTACAAAATGTCATTAATGCTATGCAGAAAATCTTAGAGTGTCCGATCTGGTAAGTCAGCACAAGAGTGTATTAATTTGGGATTCCTATGATTATCTCCTATGCAAATGAACAGAATTGACCTTAC
ENST00000357654.9.ENSG00000012048.23_chr17:43124081_G>C_snv_rc,GTTGTCATTTTATAAACCTTTTAAAAAGATATATATATATGTTTTTCTAATGTGTTAAAGTTCACTGGAACAGAAAGAAATGGATTTATCTGCTGTTCGCGTTGAAGAAGTACAAAATGTCATTAATGCTATGCAGAAAATCTTAGAGTGTCCGATCTGGTAAGTCAGCACAAGAGTGTATTAATTTGGGATTCCTATGATTATCTCCTATGCAAATGAACAGAATTGACCTTAC
ENST00000357654.9.ENSG00000012048.23_chr17:43124081_G>T_snv_rc,GTTGTCATTTTATAAACCTTTTAAAAAGATATATATATATGTTTTTCTAATGTGTTAAAGTTCACTGGAACAGAAAGAAATGGATTTATCTGCTATTCGCGTTGAAGAAGTACAAAATGTCATTAATGCTATGCAGAAAATCTTAGAGTGTCCGATCTGGTAAGTCAGCACAAGAGTGTATTAATTTGGGATTCCTATGATTATCTCCTATGCAAATGAACAGAATTGACCTTAC
ENST00000357654.9.ENSG00000012048.23_chr17:43124082_A>C_snv_rc,GTTGTCATTTTATAAACCTTTTAAAAAGATATATATATATGTTTTTCTAATGTGTTAAAGTTCACTGGAACAGAAAGAAATGGATTTATCTGCGCTTCGCGTTGAAGAAGTACAAAATGTCATTAATGCTATGCAGAAAATCTTAGAGTGTCCGATCTGGTAAGTCAGCACAAGAGTGTATTAATTTGGGATTCCTATGATTATCTCCTATGCAAATGAACAGAATTGACCTTAC
ENST00000357654.9.ENSG00000012048.23_chr17:43124082_A>G_snv_rc,GTTGTCATTTTATAAACCTTTTAAAAAGATATATATATATGTTTTTCTAATGTGTTAAAGTTCACTGGAACAGAAAGAAATGGATTTATCTGCCCTTCGCGTTGAAGAAGTACAAAATGTCATTAATGCTATGCAGAAAATCTTAGAGTGTCCGATCTGGTAAGTCAGCACAAGAGTGTATTAATTTGGGATTCCTATGATTATCTCCTATGCAAATGAACAGAATTGACCTTAC
ENST00000357654.9.ENSG00000012048.23_chr17:43124082_A>T_snv_rc,GTTGTCATTTTATAAACCTTTTAAAAAGATATATATATATGTTTTTCTAATGTGTTAAAGTTCACTGGAACAGAAAGAAATGGATTTATCTGCACTTCGCGTTGAAGAAGTACAAAATGTCATTAATGCTATGCAGAAAATCTTAGAGTGTCCGATCTGGTAAGTCAGCACAAGAGTGTATTAATTTGGGATTCCTATGATTATCTCCTATGCAAATGAACAGAATTGACCTTAC
ENST00000357654.9.ENSG00000012048.23_chr17:43124083_G>A_snv_rc,GTTGTCATTTTATAAACCTTTTAAAAAGATATATATATATGTTTTTCTAATGTGTTAAAGTTCACTGGAACAGAAAGAAATGGATTTATCTGTTCTTCGCGTTGAAGAAGTACAAAATGTCATTAATGCTATGCAGAAAATCTTAGAGTGTCCGATCTGGTAAGTCAGCACAAGAGTGTATTAATTTGGGATTCCTATGATTATCTCCTATGCAAATGAACAGAATTGACCTTAC
ENST00000357654.9.ENSG00000012048.23_chr17:43124083_G>C_snv_rc,GTTGTCATTTTATAAACCTTTTAAAAAGATATATATATATGTTTTTCTAATGTGTTAAAGTTCACTGGAACAGAAAGAAATGGATTTATCTGGTCTTCGCGTTGAAGAAGTACAAAATGTCATTAATGCTATGCAGAAAATCTTAGAGTGTCCGATCTGGTAAGTCAGCACAAGAGTGTATTAATTTGGGATTCCTATGATTATCTCCTATGCAAATGAACAGAATTGACCTTAC
ENST00000357654.9.ENSG00000012048.23_chr17:43124083_G>T_snv_rc,GTTGTCATTTTATAAACCTTTTAAAAAGATATATATATATGTTTTTCTAATGTGTTAAAGTTCACTGGAACAGAAAGAAATGGATTTATCTGATCTTCGCGTTGAAGAAGTACAAAATGTCATTAATGCTATGCAGAAAATCTTAGAGTGTCCGATCTGGTAAGTCAGCACAAGAGTGTATTAATTTGGGATTCCTATGATTATCTCCTATGCAAATGAACAGAATTGACCTTAC
ENST00000357654.9.ENSG00000012048.23_chr17:43124084_C>A_snv_rc,GTTGTCATTTTATAAACCTTTTAAAAAGATATATATATATGTTTTTCTAATGTGTTAAAGTTCACTGGAACAGAAAGAAATGGATTTATCTTCTCTTCGCGTTGAAGAAGTACAAAATGTCATTAATGCTATGCAGAAAATCTTAGAGTGTCCGATCTGGTAAGTCAGCACAAGAGTGTATTAATTTGGGATTCCTATGATTATCTCCTATGCAAATGAACAGAATTGACCTTAC
ENST00000357654.9.ENSG00000012048.23_chr17:43124084_C>G_snv_rc,GTTGTCATTTTATAAACCTTTTAAAAAGATATATATATATGTTTTTCTAATGTGTTAAAGTTCACTGGAACAGAAAGAAATGGATTTATCTCCTCTTCGCGTTGAAGAAGTACAAAATGTCATTAATGCTATGCAGAAAATCTTAGAGTGTCCGATCTGGTAAGTCAGCACAAGAGTGTATTAATTTGGGATTCCTATGATTATCTCCTATGCAAATGAACAGAATTGACCTTAC
ENST00000357654.9.ENSG00000012048.23_chr17:43124084_C>T_snv_rc,GTTGTCATTTTATAAACCTTTTAAAAAGATATATATATATGTTTTTCTAATGTGTTAAAGTTCACTGGAACAGAAAGAAATGGATTTATCTACTCTTCGCGTTGAAGAAGTACAAAATGTCATTAATGCTATGCAGAAAATCTTAGAGTGTCCGATCTGGTAAGTCAGCACAAGAGTGTATTAATTTGGGATTCCTATGATTATCTCCTATGCAAATGAACAGAATTGACCTTAC
ENST00000357654.9.ENSG00000012048.23_chr17:43124085_A>C_snv_rc,GTTGTCATTTTATAAACCTTTTAAAAAGATATATATATATGTTTTTCTAATGTGTTAAAGTTCACTGGAACAGAAAGAAATGGATTTATCGGCTCTTCGCGTTGAAGAAGTACAAAATGTCATTAATGCTATGCAGAAAATCTTAGAGTGTCCGATCTGGTAAGTCAGCACAAGAGTGTATTAATTTGGGATTCCTATGATTATCTCCTATGCAAATGAACAGAATTGACCTTAC
ENST00000357654.9.ENSG00000012048.23_chr17:43124085_A>G_snv_rc,GTTGTCATTTTATAAACCTTTTAAAAAGATATATATATATGTTTTTCTAATGTGTTAAAGTTCACTGGAACAGAAAGAAATGGATTTATCCGCTCTTCGCGTTGAAGAAGTACAAAATGTCATTAATGCTATGCAGAAAATCTTAGAGTGTCCGATCTGGTAAGTCAGCACAAGAGTGTATTAATTTGGGATTCCTATGATTATCTCCTATGCAAATGAACAGAATTGACCTTAC
ENST00000357654.9.ENSG00000012048.23_chr17:43124085_A>T_snv_rc,GTTGTCATTTTATAAACCTTTTAAAAAGATATATATATATGTTTTTCTAATGTGTTAAAGTTCACTGGAACAGAAAGAAATGGATTTATCAGCTCTTCGCGTTGAAGAAGTACAAAATGTCATTAATGCTATGCAGAAAATCTTAGAGTGTCCGATCTGGTAAGTCAGCACAAGAGTGTATTAATTTGGGATTCCTATGATTATCTCCTATGCAAATGAACAGAATTGACCTTAC
ENST00000357654.9.ENSG00000012048.23_chr17:43124086_G>A_snv_rc,GTTGTCATTTTATAAACCTTTTAAAAAGATATATATATATGTTTTTCTAATGTGTTAAAGTTCACTGGAACAGAAAGAAATGGATTTATTTGCTCTTCGCGTTGAAGAAGTACAAAATGTCATTAATGCTATGCAGAAAATCTTAGAGTGTCCGATCTGGTAAGTCAGCACAAGAGTGTATTAATTTGGGATTCCTATGATTATCTCCTATGCAAATGAACAGAATTGACCTTAC
ENST00000357654.9.ENSG00000012048.23_chr17:43124086_G>C_snv_rc,GTTGTCATTTTATAAACCTTTTAAAAAGATATATATATATGTTTTTCTAATGTGTTAAAGTTCACTGGAACAGAAAGAAATGGATTTATGTGCTCTTCGCGTTGAAGAAGTACAAAATGTCATTAATGCTATGCAGAAAATCTTAGAGTGTCCGATCTGGTAAGTCAGCACAAGAGTGTATTAATTTGGGATTCCTATGATTATCTCCTATGCAAATGAACAGAATTGACCTTAC
ENST00000357654.9.ENSG00000012048.23_chr17:43124086_G>T_snv_rc,GTTGTCATTTTATAAACCTTTTAAAAAGATATATATATATGTTTTTCTAATGTGTTAAAGTTCACTGGAACAGAAAGAAATGGATTTATATGCTCTTCGCGTTGAAGAAGTACAAAATGTCATTAATGCTATGCAGAAAATCTTAGAGTGTCCGATCTGGTAAGTCAGCACAAGAGTGTATTAATTTGGGATTCCTATGATTATCTCCTATGCAAATGAACAGAATTGACCTTAC
ENST00000357654.9.ENSG00000012048.23_chr17:43124087_A>C_snv_rc,GTTGTCATTTTATAAACCTTTTAAAAAGATATATATATATGTTTTTCTAATGTGTTAAAGTTCACTGGAACAGAAAGAAATGGATTTAGCTGCTCTTCGCGTTGAAGAAGTACAAAATGTCATTAATGCTATGCAGAAAATCTTAGAGTGTCCGATCTGGTAAGTCAGCACAAGAGTGTATTAATTTGGGATTCCTATGATTATCTCCTATGCAAATGAACAGAATTGACCTTAC
ENST00000357654.9.ENSG00000012048.23_chr17:43124087_A>G_snv_rc,GTTGTCATTTTATAAACCTTTTAAAAAGATATATATATATGTTTTTCTAATGTGTTAAAGTTCACTGGAACAGAAAGAAATGGATTTACCTGCTCTTCGCGTTGAAGAAGTACAAAATGTCATTAATGCTATGCAGAAAATCTTAGAGTGTCCGATCTGGTAAGTCAGCACAAGAGTGTATTAATTTGGGATTCCTATGATTATCTCCTATGCAAATGAACAGAATTGACCTTAC
ENST00000357654.9.ENSG00000012048.23_chr17:43124087_A>T_snv_rc,GTTGTCATTTTATAAACCTTTTAAAAAGATATATATATATGTTTTTCTAATGTGTTAAAGTTCACTGGAACAGAAAGAAATGGATTTAACTGCTCTTCGCGTTGAAGAAGTACAAAATGTCATTAATGCTATGCAGAAAATCTTAGAGTGTCCGATCTGGTAAGTCAGCACAAGAGTGTATTAATTTGGGATTCCTATGATTATCTCCTATGCAAATGAACAGAATTGACCTTAC
ENST00000357654.9.ENSG00000012048.23_chr17:43124088_T>A_snv_rc,GTTGTCATTTTATAAACCTTTTAAAAAGATATATATATATGTTTTTCTAATGTGTTAAAGTTCACTGGAACAGAAAGAAATGGATTTTTCTGCTCTTCGCGTTGAAGAAGTACAAAATGTCATTAATGCTATGCAGAAAATCTTAGAGTGTCCGATCTGGTAAGTCAGCACAAGAGTGTATTAATTTGGGATTCCTATGATTATCTCCTATGCAAATGAACAGAATTGACCTTAC
ENST00000357654.9.ENSG00000012048.23_chr17:43124088_T>C_snv_rc,GTTGTCATTTTATAAACCTTTTAAAAAGATATATATATATGTTTTTCTAATGTGTTAAAGTTCACTGGAACAGAAAGAAATGGATTTGTCTGCTCTTCGCGTTGAAGAAGTACAAAATGTCATTAATGCTATGCAGAAAATCTTAGAGTGTCCGATCTGGTAAGTCAGCACAAGAGTGTATTAATTTGGGATTCCTATGATTATCTCCTATGCAAATGAACAGAATTGACCTTAC
ENST00000357654.9.ENSG00000012048.23_chr17:43124088_T>G_snv_rc,GTTGTCATTTTATAAACCTTTTAAAAAGATATATATATATGTTTTTCTAATGTGTTAAAGTTCACTGGAACAGAAAGAAATGGATTTCTCTGCTCTTCGCGTTGAAGAAGTACAAAATGTCATTAATGCTATGCAGAAAATCTTAGAGTGTCCGATCTGGTAAGTCAGCACAAGAGTGTATTAATTTGGGATTCCTATGATTATCTCCTATGCAAATGAACAGAATTGACCTTAC
ENST00000357654.9.ENSG00000012048.23_chr17:43124089_A>C_snv_rc,GTTGTCATTTTATAAACCTTTTAAAAAGATATATATATATGTTTTTCTAATGTGTTAAAGTTCACTGGAACAGAAAGAAATGGATTGATCTGCTCTTCGCGTTGAAGAAGTACAAAATGTCATTAATGCTATGCAGAAAATCTTAGAGTGTCCGATCTGGTAAGTCAGCACAAGAGTGTATTAATTTGGGATTCCTATGATTATCTCCTATGCAAATGAACAGAATTGACCTTAC
ENST00000357654.9.ENSG00000012048.23_chr17:43124089_A>G_snv_rc,GTTGTCATTTTATAAACCTTTTAAAAAGATATATATATATGTTTTTCTAATGTGTTAAAGTTCACTGGAACAGAAAGAAATGGATTCATCTGCTCTTCGCGTTGAAGAAGTACAAAATGTCATTAATGCTATGCAGAAAATCTTAGAGTGTCCGATCTGGTAAGTCAGCACAAGAGTGTATTAATTTGGGATTCCTATGATTATCTCCTATGCAAATGAACAGAATTGACCTTAC
ENST00000357654.9.ENSG00000012048.23_chr17:43124089_A>T_snv_rc,GTTGTCATTTTATAAACCTTTTAAAAAGATATATATATATGTTTTTCTAATGTGTTAAAGTTCACTGGAACAGAAAGAAATGGATTAATCTGCTCTTCGCGTTGAAGAAGTACAAAATGTCATTAATGCTATGCAGAAAATCTTAGAGTGTCCGATCTGGTAAGTCAGCACAAGAGTGTATTAATTTGGGATTCCTATGATTATCTCCTATGCAAATGAACAGAATTGACCTTAC
ENST00000357654.9.ENSG00000012048.23_chr17:43124090_A>C_snv_rc,GTTGTCATTTTATAAACCTTTTAAAAAGATATATATATATGTTTTTCTAATGTGTTAAAGTTCACTGGAACAGAAAGAAATGGATGTATCTGCTCTTCGCGTTGAAGAAGTACAAAATGTCATTAATGCTATGCAGAAAATCTTAGAGTGTCCGATCTGGTAAGTCAGCACAAGAGTGTATTAATTTGGGATTCCTATGATTATCTCCTATGCAAATGAACAGAATTGACCTTAC
ENST00000357654.9.ENSG00000012048.23_chr17:43124090_A>G_snv_rc,GTTGTCATTTTATAAACCTTTTAAAAAGATATATATATATGTTTTTCTAATGTGTTAAAGTTCACTGGAACAGAAAGAAATGGATCTATCTGCTCTTCGCGTTGAAGAAGTACAAAATGTCATTAATGCTATGCAGAAAATCTTAGAGTGTCCGATCTGGTAAGTCAGCACAAGAGTGTATTAATTTGGGATTCCTATGATTATCTCCTATGCAAATGAACAGAATTGACCTTAC
ENST00000357654.9.ENSG00000012048.23_chr17:43124090_A>T_snv_rc,GTTGTCATTTTATAAACCTTTTAAAAAGATATATATATATGTTTTTCTAATGTGTTAAAGTTCACTGGAACAGAAAGAAATGGATATATCTGCTCTTCGCGTTGAAGAAGTACAAAATGTCATTAATGCTATGCAGAAAATCTTAGAGTGTCCGATCTGGTAAGTCAGCACAAGAGTGTATTAATTTGGGATTCCTATGATTATCTCCTATGCAAATGAACAGAATTGACCTTAC
ENST00000357654.9.ENSG00000012048.23_chr17:43124091_A>C_snv_rc,GTTGTCATTTTATAAACCTTTTAAAAAGATATATATATATGTTTTTCTAATGTGTTAAAGTTCACTGGAACAGAAAGAAATGGAGTTATCTGCTCTTCGCGTTGAAGAAGTACAAAATGTCATTAATGCTATGCAGAAAATCTTAGAGTGTCCGATCTGGTAAGTCAGCACAAGAGTGTATTAATTTGGGATTCCTATGATTATCTCCTATGCAAATGAACAGAATTGACCTTAC
ENST00000357654.9.ENSG00000012048.23_chr17:43124091_A>G_snv_rc,GTTGTCATTTTATAAACCTTTTAAAAAGATATATATATATGTTTTTCTAATGTGTTAAAGTTCACTGGAACAGAAAGAAATGGACTTATCTGCTCTTCGCGTTGAAGAAGTACAAAATGTCATTAATGCTATGCAGAAAATCTTAGAGTGTCCGATCTGGTAAGTCAGCACAAGAGTGTATTAATTTGGGATTCCTATGATTATCTCCTATGCAAATGAACAGAATTGACCTTAC
ENST00000357654.9.ENSG00000012048.23_chr17:43124091_A>T_snv_rc,GTTGTCATTTTATAAACCTTTTAAAAAGATATATATATATGTTTTTCTAATGTGTTAAAGTTCACTGGAACAGAAAGAAATGGAATTATCTGCTCTTCGCGTTGAAGAAGTACAAAATGTCATTAATGCTATGCAGAAAATCTTAGAGTGTCCGATCTGGTAAGTCAGCACAAGAGTGTATTAATTTGGGATTCCTATGATTATCTCCTATGCAAATGAACAGAATTGACCTTAC
ENST00000357654.9.ENSG00000012048.23_chr17:43124092_T>A_snv_rc,GTTGTCATTTTATAAACCTTTTAAAAAGATATATATATATGTTTTTCTAATGTGTTAAAGTTCACTGGAACAGAAAGAAATGGTTTTATCTGCTCTTCGCGTTGAAGAAGTACAAAATGTCATTAATGCTATGCAGAAAATCTTAGAGTGTCCGATCTGGTAAGTCAGCACAAGAGTGTATTAATTTGGGATTCCTATGATTATCTCCTATGCAAATGAACAGAATTGACCTTAC
ENST00000357654.9.ENSG00000012048.23_chr17:43124092_T>C_snv_rc,GTTGTCATTTTATAAACCTTTTAAAAAGATATATATATATGTTTTTCTAATGTGTTAAAGTTCACTGGAACAGAAAGAAATGGGTTTATCTGCTCTTCGCGTTGAAGAAGTACAAAATGTCATTAATGCTATGCAGAAAATCTTAGAGTGTCCGATCTGGTAAGTCAGCACAAGAGTGTATTAATTTGGGATTCCTATGATTATCTCCTATGCAAATGAACAGAATTGACCTTAC
ENST00000357654.9.ENSG00000012048.23_chr17:43124092_T>G_snv_rc,GTTGTCATTTTATAAACCTTTTAAAAAGATATATATATATGTTTTTCTAATGTGTTAAAGTTCACTGGAACAGAAAGAAATGGCTTTATCTGCTCTTCGCGTTGAAGAAGTACAAAATGTCATTAATGCTATGCAGAAAATCTTAGAGTGTCCGATCTGGTAAGTCAGCACAAGAGTGTATTAATTTGGGATTCCTATGATTATCTCCTATGCAAATGAACAGAATTGACCTTAC
ENST00000357654.9.ENSG00000012048.23_chr17:43124093_C>A_snv_rc,GTTGTCATTTTATAAACCTTTTAAAAAGATATATATATATGTTTTTCTAATGTGTTAAAGTTCACTGGAACAGAAAGAAATGTATTTATCTGCTCTTCGCGTTGAAGAAGTACAAAATGTCATTAATGCTATGCAGAAAATCTTAGAGTGTCCGATCTGGTAAGTCAGCACAAGAGTGTATTAATTTGGGATTCCTATGATTATCTCCTATGCAAATGAACAGAATTGACCTTAC
ENST00000357654.9.ENSG00000012048.23_chr17:43124093_C>G_snv_rc,GTTGTCATTTTATAAACCTTTTAAAAAGATATATATATATGTTTTTCTAATGTGTTAAAGTTCACTGGAACAGAAAGAAATGCATTTATCTGCTCTTCGCGTTGAAGAAGTACAAAATGTCATTAATGCTATGCAGAAAATCTTAGAGTGTCCGATCTGGTAAGTCAGCACAAGAGTGTATTAATTTGGGATTCCTATGATTATCTCCTATGCAAATGAACAGAATTGACCTTAC
ENST00000357654.9.ENSG00000012048.23_chr17:43124093_C>T_snv_rc,GTTGTCATTTTATAAACCTTTTAAAAAGATATATATATATGTTTTTCTAATGTGTTAAAGTTCACTGGAACAGAAAGAAATGAATTTATCTGCTCTTCGCGTTGAAGAAGTACAAAATGTCATTAATGCTATGCAGAAAATCTTAGAGTGTCCGATCTGGTAAGTCAGCACAAGAGTGTATTAATTTGGGATTCCTATGATTATCTCCTATGCAAATGAACAGAATTGACCTTAC
ENST00000357654.9.ENSG00000012048.23_chr17:43124094_C>A_snv_rc,GTTGTCATTTTATAAACCTTTTAAAAAGATATATATATATGTTTTTCTAATGTGTTAAAGTTCACTGGAACAGAAAGAAATTGATTTATCTGCTCTTCGCGTTGAAGAAGTACAAAATGTCATTAATGCTATGCAGAAAATCTTAGAGTGTCCGATCTGGTAAGTCAGCACAAGAGTGTATTAATTTGGGATTCCTATGATTATCTCCTATGCAAATGAACAGAATTGACCTTAC
ENST00000357654.9.ENSG00000012048.23_chr17:43124094_C>G_snv_rc,GTTGTCATTTTATAAACCTTTTAAAAAGATATATATATATGTTTTTCTAATGTGTTAAAGTTCACTGGAACAGAAAGAAATCGATTTATCTGCTCTTCGCGTTGAAGAAGTACAAAATGTCATTAATGCTATGCAGAAAATCTTAGAGTGTCCGATCTGGTAAGTCAGCACAAGAGTGTATTAATTTGGGATTCCTATGATTATCTCCTATGCAAATGAACAGAATTGACCTTAC
ENST00000357654.9.ENSG00000012048.23_chr17:43124094_C>T_snv_rc,GTTGTCATTTTATAAACCTTTTAAAAAGATATATATATATGTTTTTCTAATGTGTTAAAGTTCACTGGAACAGAAAGAAATAGATTTATCTGCTCTTCGCGTTGAAGAAGTACAAAATGTCATTAATGCTATGCAGAAAATCTTAGAGTGTCCGATCTGGTAAGTCAGCACAAGAGTGTATTAATTTGGGATTCCTATGATTATCTCCTATGCAAATGAACAGAATTGACCTTAC
ENST00000357654.9.ENSG00000012048.23_chr17:43124095_A>C_snv_rc,GTTGTCATTTTATAAACCTTTTAAAAAGATATATATATATGTTTTTCTAATGTGTTAAAGTTCACTGGAACAGAAAGAAAGGGATTTATCTGCTCTTCGCGTTGAAGAAGTACAAAATGTCATTAATGCTATGCAGAAAATCTTAGAGTGTCCGATCTGGTAAGTCAGCACAAGAGTGTATTAATTTGGGATTCCTATGATTATCTCCTATGCAAATGAACAGAATTGACCTTAC
ENST00000357654.9.ENSG00000012048.23_chr17:43124095_A>G_snv_rc,GTTGTCATTTTATAAACCTTTTAAAAAGATATATATATATGTTTTTCTAATGTGTTAAAGTTCACTGGAACAGAAAGAAACGGATTTATCTGCTCTTCGCGTTGAAGAAGTACAAAATGTCATTAATGCTATGCAGAAAATCTTAGAGTGTCCGATCTGGTAAGTCAGCACAAGAGTGTATTAATTTGGGATTCCTATGATTATCTCCTATGCAAATGAACAGAATTGACCTTAC
ENST00000357654.9.ENSG00000012048.23_chr17:43124095_A>T_snv_rc,GTTGTCATTTTATAAACCTTTTAAAAAGATATATATATATGTTTTTCTAATGTGTTAAAGTTCACTGGAACAGAAAGAAAAGGATTTATCTGCTCTTCGCGTTGAAGAAGTACAAAATGTCATTAATGCTATGCAGAAAATCTTAGAGTGTCCGATCTGGTAAGTCAGCACAAGAGTGTATTAATTTGGGATTCCTATGATTATCTCCTATGCAAATGAACAGAATTGACCTTAC
ENST00000357654.9.ENSG00000012048.23_chr17:43124096_T>A_snv_rc,GTTGTCATTTTATAAACCTTTTAAAAAGATATATATATATGTTTTTCTAATGTGTTAAAGTTCACTGGAACAGAAAGAATTGGATTTATCTGCTCTTCGCGTTGAAGAAGTACAAAATGTCATTAATGCTATGCAGAAAATCTTAGAGTGTCCGATCTGGTAAGTCAGCACAAGAGTGTATTAATTTGGGATTCCTATGATTATCTCCTATGCAAATGAACAGAATTGACCTTAC
ENST00000357654.9.ENSG00000012048.23_chr17:43124096_T>C_snv_rc,GTTGTCATTTTATAAACCTTTTAAAAAGATATATATATATGTTTTTCTAATGTGTTAAAGTTCACTGGAACAGAAAGAAGTGGATTTATCTGCTCTTCGCGTTGAAGAAGTACAAAATGTCATTAATGCTATGCAGAAAATCTTAGAGTGTCCGATCTGGTAAGTCAGCACAAGAGTGTATTAATTTGGGATTCCTATGATTATCTCCTATGCAAATGAACAGAATTGACCTTAC
ENST00000357654.9.ENSG00000012048.23_chr17:43124096_T>G_snv_rc,GTTGTCATTTTATAAACCTTTTAAAAAGATATATATATATGTTTTTCTAATGTGTTAAAGTTCACTGGAACAGAAAGAACTGGATTTATCTGCTCTTCGCGTTGAAGAAGTACAAAATGTCATTAATGCTATGCAGAAAATCTTAGAGTGTCCGATCTGGTAAGTCAGCACAAGAGTGTATTAATTTGGGATTCCTATGATTATCTCCTATGCAAATGAACAGAATTGACCTTAC
